user_id,portfolio,股票,债券,基金,REITs,大宗商品,现金
1,"股票: 43.5%, 债券: 0.0%, 基金: 27.0%, REITs: 0.0%, 大宗商品: 0.0%, 现金: 29.4%",0.4353943758464194,0.0,0.2702973667151296,0.0,0.0,0.294308257438451
7,"股票: 43.5%, 债券: 0.0%, 基金: 27.0%, REITs: 0.0%, 大宗商品: 0.0%, 现金: 29.4%",0.4353943758464193,0.0,0.2702973667151296,0.0,0.0,0.29430825743845096
12,"股票: 43.5%, 债券: 0.0%, 基金: 27.0%, REITs: 0.0%, 大宗商品: 0.0%, 现金: 29.4%",0.4353943758464194,0.0,0.2702973667151296,0.0,0.0,0.294308257438451
17,"股票: 43.5%, 债券: 0.0%, 基金: 27.0%, REITs: 0.0%, 大宗商品: 0.0%, 现金: 29.4%",0.4353943758464193,0.0,0.2702973667151296,0.0,0.0,0.294308257438451
20,"股票: 43.5%, 债券: 0.0%, 基金: 27.0%, REITs: 0.0%, 大宗商品: 0.0%, 现金: 29.4%",0.4353943758464194,0.0,0.2702973667151296,0.0,0.0,0.294308257438451
21,"股票: 43.5%, 债券: 0.0%, 基金: 27.0%, REITs: 0.0%, 大宗商品: 0.0%, 现金: 29.4%",0.4353943758464194,0.0,0.2702973667151296,0.0,0.0,0.294308257438451
29,"股票: 43.5%, 债券: 0.0%, 基金: 27.0%, REITs: 0.0%, 大宗商品: 0.0%, 现金: 29.4%",0.4353943758464194,0.0,0.2702973667151296,0.0,0.0,0.294308257438451
30,"股票: 43.5%, 债券: 0.0%, 基金: 27.0%, REITs: 0.0%, 大宗商品: 0.0%, 现金: 29.4%",0.4353943758464194,0.0,0.2702973667151296,0.0,0.0,0.294308257438451
37,"股票: 43.5%, 债券: 0.0%, 基金: 27.0%, REITs: 0.0%, 大宗商品: 0.0%, 现金: 29.4%",0.43539437584641943,0.0,0.27029736671512966,0.0,0.0,0.294308257438451
45,"股票: 43.5%, 债券: 0.0%, 基金: 27.0%, REITs: 0.0%, 大宗商品: 0.0%, 现金: 29.4%",0.4353943758464194,0.0,0.2702973667151296,0.0,0.0,0.294308257438451
50,"股票: 43.5%, 债券: 0.0%, 基金: 27.0%, REITs: 0.0%, 大宗商品: 0.0%, 现金: 29.4%",0.4353943758464193,0.0,0.2702973667151296,0.0,0.0,0.29430825743845096
53,"股票: 43.5%, 债券: 0.0%, 基金: 27.0%, REITs: 0.0%, 大宗商品: 0.0%, 现金: 29.4%",0.4353943758464194,0.0,0.2702973667151296,0.0,0.0,0.294308257438451
71,"股票: 43.5%, 债券: 0.0%, 基金: 27.0%, REITs: 0.0%, 大宗商品: 0.0%, 现金: 29.4%",0.4353943758464194,0.0,0.2702973667151296,0.0,0.0,0.294308257438451
74,"股票: 43.5%, 债券: 0.0%, 基金: 27.0%, REITs: 0.0%, 大宗商品: 0.0%, 现金: 29.4%",0.4353943758464194,0.0,0.2702973667151296,0.0,0.0,0.294308257438451
81,"股票: 43.5%, 债券: 0.0%, 基金: 27.0%, REITs: 0.0%, 大宗商品: 0.0%, 现金: 29.4%",0.4353943758464193,0.0,0.2702973667151296,0.0,0.0,0.29430825743845096
90,"股票: 43.5%, 债券: 0.0%, 基金: 27.0%, REITs: 0.0%, 大宗商品: 0.0%, 现金: 29.4%",0.4353943758464194,0.0,0.2702973667151296,0.0,0.0,0.294308257438451
114,"股票: 43.5%, 债券: 0.0%, 基金: 27.0%, REITs: 0.0%, 大宗商品: 0.0%, 现金: 29.4%",0.4353943758464194,0.0,0.2702973667151296,0.0,0.0,0.294308257438451
121,"股票: 43.5%, 债券: 0.0%, 基金: 27.0%, REITs: 0.0%, 大宗商品: 0.0%, 现金: 29.4%",0.4353943758464194,0.0,0.2702973667151296,0.0,0.0,0.294308257438451
126,"股票: 43.5%, 债券: 0.0%, 基金: 27.0%, REITs: 0.0%, 大宗商品: 0.0%, 现金: 29.4%",0.4353943758464194,0.0,0.2702973667151296,0.0,0.0,0.294308257438451
130,"股票: 43.5%, 债券: 0.0%, 基金: 27.0%, REITs: 0.0%, 大宗商品: 0.0%, 现金: 29.4%",0.4353943758464194,0.0,0.2702973667151296,0.0,0.0,0.294308257438451
132,"股票: 43.5%, 债券: 0.0%, 基金: 27.0%, REITs: 0.0%, 大宗商品: 0.0%, 现金: 29.4%",0.4353943758464194,0.0,0.2702973667151296,0.0,0.0,0.294308257438451
134,"股票: 43.5%, 债券: 0.0%, 基金: 27.0%, REITs: 0.0%, 大宗商品: 0.0%, 现金: 29.4%",0.4353943758464194,0.0,0.2702973667151296,0.0,0.0,0.294308257438451
137,"股票: 43.5%, 债券: 0.0%, 基金: 27.0%, REITs: 0.0%, 大宗商品: 0.0%, 现金: 29.4%",0.4353943758464194,0.0,0.27029736671512966,0.0,0.0,0.294308257438451
138,"股票: 43.5%, 债券: 0.0%, 基金: 27.0%, REITs: 0.0%, 大宗商品: 0.0%, 现金: 29.4%",0.4353943758464194,0.0,0.2702973667151296,0.0,0.0,0.294308257438451
144,"股票: 43.5%, 债券: 0.0%, 基金: 27.0%, REITs: 0.0%, 大宗商品: 0.0%, 现金: 29.4%",0.4353943758464194,0.0,0.2702973667151296,0.0,0.0,0.294308257438451
156,"股票: 43.5%, 债券: 0.0%, 基金: 27.0%, REITs: 0.0%, 大宗商品: 0.0%, 现金: 29.4%",0.4353943758464194,0.0,0.2702973667151296,0.0,0.0,0.294308257438451
159,"股票: 43.5%, 债券: 0.0%, 基金: 27.0%, REITs: 0.0%, 大宗商品: 0.0%, 现金: 29.4%",0.4353943758464194,0.0,0.2702973667151296,0.0,0.0,0.294308257438451
165,"股票: 43.5%, 债券: 0.0%, 基金: 27.0%, REITs: 0.0%, 大宗商品: 0.0%, 现金: 29.4%",0.4353943758464194,0.0,0.2702973667151296,0.0,0.0,0.294308257438451
169,"股票: 43.5%, 债券: 0.0%, 基金: 27.0%, REITs: 0.0%, 大宗商品: 0.0%, 现金: 29.4%",0.4353943758464194,0.0,0.27029736671512966,0.0,0.0,0.294308257438451
170,"股票: 43.5%, 债券: 0.0%, 基金: 27.0%, REITs: 0.0%, 大宗商品: 0.0%, 现金: 29.4%",0.4353943758464193,0.0,0.2702973667151296,0.0,0.0,0.294308257438451
182,"股票: 43.5%, 债券: 0.0%, 基金: 27.0%, REITs: 0.0%, 大宗商品: 0.0%, 现金: 29.4%",0.4353943758464194,0.0,0.2702973667151296,0.0,0.0,0.294308257438451
186,"股票: 43.5%, 债券: 0.0%, 基金: 27.0%, REITs: 0.0%, 大宗商品: 0.0%, 现金: 29.4%",0.4353943758464194,0.0,0.2702973667151296,0.0,0.0,0.294308257438451
189,"股票: 43.5%, 债券: 0.0%, 基金: 27.0%, REITs: 0.0%, 大宗商品: 0.0%, 现金: 29.4%",0.4353943758464194,0.0,0.2702973667151296,0.0,0.0,0.294308257438451
193,"股票: 43.5%, 债券: 0.0%, 基金: 27.0%, REITs: 0.0%, 大宗商品: 0.0%, 现金: 29.4%",0.4353943758464194,0.0,0.27029736671512966,0.0,0.0,0.294308257438451
200,"股票: 43.5%, 债券: 0.0%, 基金: 27.0%, REITs: 0.0%, 大宗商品: 0.0%, 现金: 29.4%",0.4353943758464194,0.0,0.2702973667151296,0.0,0.0,0.294308257438451
204,"股票: 43.5%, 债券: 0.0%, 基金: 27.0%, REITs: 0.0%, 大宗商品: 0.0%, 现金: 29.4%",0.4353943758464194,0.0,0.2702973667151296,0.0,0.0,0.294308257438451
206,"股票: 43.5%, 债券: 0.0%, 基金: 27.0%, REITs: 0.0%, 大宗商品: 0.0%, 现金: 29.4%",0.4353943758464194,0.0,0.2702973667151296,0.0,0.0,0.294308257438451
211,"股票: 43.5%, 债券: 0.0%, 基金: 27.0%, REITs: 0.0%, 大宗商品: 0.0%, 现金: 29.4%",0.4353943758464194,0.0,0.2702973667151296,0.0,0.0,0.294308257438451
212,"股票: 43.5%, 债券: 0.0%, 基金: 27.0%, REITs: 0.0%, 大宗商品: 0.0%, 现金: 29.4%",0.4353943758464194,0.0,0.27029736671512966,0.0,0.0,0.29430825743845096
213,"股票: 43.5%, 债券: 0.0%, 基金: 27.0%, REITs: 0.0%, 大宗商品: 0.0%, 现金: 29.4%",0.4353943758464194,0.0,0.2702973667151296,0.0,0.0,0.294308257438451
214,"股票: 43.5%, 债券: 0.0%, 基金: 27.0%, REITs: 0.0%, 大宗商品: 0.0%, 现金: 29.4%",0.4353943758464194,0.0,0.2702973667151296,0.0,0.0,0.294308257438451
225,"股票: 43.5%, 债券: 0.0%, 基金: 27.0%, REITs: 0.0%, 大宗商品: 0.0%, 现金: 29.4%",0.4353943758464194,0.0,0.2702973667151296,0.0,0.0,0.294308257438451
226,"股票: 43.5%, 债券: 0.0%, 基金: 27.0%, REITs: 0.0%, 大宗商品: 0.0%, 现金: 29.4%",0.4353943758464194,0.0,0.2702973667151296,0.0,0.0,0.294308257438451
232,"股票: 43.5%, 债券: 0.0%, 基金: 27.0%, REITs: 0.0%, 大宗商品: 0.0%, 现金: 29.4%",0.4353943758464193,0.0,0.2702973667151296,0.0,0.0,0.29430825743845096
256,"股票: 43.5%, 债券: 0.0%, 基金: 27.0%, REITs: 0.0%, 大宗商品: 0.0%, 现金: 29.4%",0.4353943758464194,0.0,0.2702973667151296,0.0,0.0,0.294308257438451
260,"股票: 43.5%, 债券: 0.0%, 基金: 27.0%, REITs: 0.0%, 大宗商品: 0.0%, 现金: 29.4%",0.4353943758464194,0.0,0.2702973667151296,0.0,0.0,0.294308257438451
263,"股票: 43.5%, 债券: 0.0%, 基金: 27.0%, REITs: 0.0%, 大宗商品: 0.0%, 现金: 29.4%",0.4353943758464194,0.0,0.2702973667151296,0.0,0.0,0.294308257438451
275,"股票: 43.5%, 债券: 0.0%, 基金: 27.0%, REITs: 0.0%, 大宗商品: 0.0%, 现金: 29.4%",0.4353943758464194,0.0,0.2702973667151296,0.0,0.0,0.294308257438451
280,"股票: 43.5%, 债券: 0.0%, 基金: 27.0%, REITs: 0.0%, 大宗商品: 0.0%, 现金: 29.4%",0.4353943758464194,0.0,0.2702973667151296,0.0,0.0,0.294308257438451
281,"股票: 43.5%, 债券: 0.0%, 基金: 27.0%, REITs: 0.0%, 大宗商品: 0.0%, 现金: 29.4%",0.4353943758464194,0.0,0.2702973667151296,0.0,0.0,0.294308257438451
282,"股票: 43.5%, 债券: 0.0%, 基金: 27.0%, REITs: 0.0%, 大宗商品: 0.0%, 现金: 29.4%",0.4353943758464194,0.0,0.2702973667151296,0.0,0.0,0.294308257438451
284,"股票: 43.5%, 债券: 0.0%, 基金: 27.0%, REITs: 0.0%, 大宗商品: 0.0%, 现金: 29.4%",0.4353943758464194,0.0,0.2702973667151296,0.0,0.0,0.294308257438451
288,"股票: 43.5%, 债券: 0.0%, 基金: 27.0%, REITs: 0.0%, 大宗商品: 0.0%, 现金: 29.4%",0.4353943758464194,0.0,0.2702973667151296,0.0,0.0,0.294308257438451
289,"股票: 43.5%, 债券: 0.0%, 基金: 27.0%, REITs: 0.0%, 大宗商品: 0.0%, 现金: 29.4%",0.4353943758464194,0.0,0.2702973667151296,0.0,0.0,0.294308257438451
290,"股票: 43.5%, 债券: 0.0%, 基金: 27.0%, REITs: 0.0%, 大宗商品: 0.0%, 现金: 29.4%",0.4353943758464194,0.0,0.2702973667151296,0.0,0.0,0.294308257438451
299,"股票: 43.5%, 债券: 0.0%, 基金: 27.0%, REITs: 0.0%, 大宗商品: 0.0%, 现金: 29.4%",0.43539437584641943,0.0,0.27029736671512966,0.0,0.0,0.294308257438451
303,"股票: 43.5%, 债券: 0.0%, 基金: 27.0%, REITs: 0.0%, 大宗商品: 0.0%, 现金: 29.4%",0.4353943758464194,0.0,0.2702973667151296,0.0,0.0,0.294308257438451
313,"股票: 43.5%, 债券: 0.0%, 基金: 27.0%, REITs: 0.0%, 大宗商品: 0.0%, 现金: 29.4%",0.4353943758464194,0.0,0.2702973667151296,0.0,0.0,0.294308257438451
315,"股票: 43.5%, 债券: 0.0%, 基金: 27.0%, REITs: 0.0%, 大宗商品: 0.0%, 现金: 29.4%",0.4353943758464194,0.0,0.27029736671512966,0.0,0.0,0.294308257438451
318,"股票: 43.5%, 债券: 0.0%, 基金: 27.0%, REITs: 0.0%, 大宗商品: 0.0%, 现金: 29.4%",0.4353943758464194,0.0,0.2702973667151296,0.0,0.0,0.294308257438451
319,"股票: 43.5%, 债券: 0.0%, 基金: 27.0%, REITs: 0.0%, 大宗商品: 0.0%, 现金: 29.4%",0.4353943758464194,0.0,0.2702973667151296,0.0,0.0,0.294308257438451
327,"股票: 43.5%, 债券: 0.0%, 基金: 27.0%, REITs: 0.0%, 大宗商品: 0.0%, 现金: 29.4%",0.4353943758464194,0.0,0.2702973667151296,0.0,0.0,0.294308257438451
331,"股票: 43.5%, 债券: 0.0%, 基金: 27.0%, REITs: 0.0%, 大宗商品: 0.0%, 现金: 29.4%",0.4353943758464194,0.0,0.2702973667151296,0.0,0.0,0.294308257438451
337,"股票: 43.5%, 债券: 0.0%, 基金: 27.0%, REITs: 0.0%, 大宗商品: 0.0%, 现金: 29.4%",0.4353943758464194,0.0,0.2702973667151296,0.0,0.0,0.294308257438451
339,"股票: 43.5%, 债券: 0.0%, 基金: 27.0%, REITs: 0.0%, 大宗商品: 0.0%, 现金: 29.4%",0.4353943758464194,0.0,0.2702973667151296,0.0,0.0,0.294308257438451
346,"股票: 43.5%, 债券: 0.0%, 基金: 27.0%, REITs: 0.0%, 大宗商品: 0.0%, 现金: 29.4%",0.4353943758464194,0.0,0.2702973667151296,0.0,0.0,0.294308257438451
347,"股票: 43.5%, 债券: 0.0%, 基金: 27.0%, REITs: 0.0%, 大宗商品: 0.0%, 现金: 29.4%",0.43539437584641943,0.0,0.2702973667151296,0.0,0.0,0.294308257438451
360,"股票: 43.5%, 债券: 0.0%, 基金: 27.0%, REITs: 0.0%, 大宗商品: 0.0%, 现金: 29.4%",0.4353943758464194,0.0,0.2702973667151296,0.0,0.0,0.294308257438451
367,"股票: 43.5%, 债券: 0.0%, 基金: 27.0%, REITs: 0.0%, 大宗商品: 0.0%, 现金: 29.4%",0.4353943758464194,0.0,0.2702973667151296,0.0,0.0,0.294308257438451
368,"股票: 43.5%, 债券: 0.0%, 基金: 27.0%, REITs: 0.0%, 大宗商品: 0.0%, 现金: 29.4%",0.4353943758464193,0.0,0.2702973667151296,0.0,0.0,0.29430825743845096
377,"股票: 43.5%, 债券: 0.0%, 基金: 27.0%, REITs: 0.0%, 大宗商品: 0.0%, 现金: 29.4%",0.43539437584641943,0.0,0.27029736671512966,0.0,0.0,0.294308257438451
380,"股票: 43.5%, 债券: 0.0%, 基金: 27.0%, REITs: 0.0%, 大宗商品: 0.0%, 现金: 29.4%",0.43539437584641943,0.0,0.2702973667151296,0.0,0.0,0.294308257438451
388,"股票: 43.5%, 债券: 0.0%, 基金: 27.0%, REITs: 0.0%, 大宗商品: 0.0%, 现金: 29.4%",0.4353943758464193,0.0,0.2702973667151296,0.0,0.0,0.29430825743845096
391,"股票: 43.5%, 债券: 0.0%, 基金: 27.0%, REITs: 0.0%, 大宗商品: 0.0%, 现金: 29.4%",0.4353943758464194,0.0,0.2702973667151296,0.0,0.0,0.294308257438451
395,"股票: 43.5%, 债券: 0.0%, 基金: 27.0%, REITs: 0.0%, 大宗商品: 0.0%, 现金: 29.4%",0.4353943758464194,0.0,0.2702973667151296,0.0,0.0,0.294308257438451
403,"股票: 43.5%, 债券: 0.0%, 基金: 27.0%, REITs: 0.0%, 大宗商品: 0.0%, 现金: 29.4%",0.4353943758464194,0.0,0.2702973667151296,0.0,0.0,0.294308257438451
405,"股票: 43.5%, 债券: 0.0%, 基金: 27.0%, REITs: 0.0%, 大宗商品: 0.0%, 现金: 29.4%",0.4353943758464194,0.0,0.2702973667151296,0.0,0.0,0.294308257438451
415,"股票: 43.5%, 债券: 0.0%, 基金: 27.0%, REITs: 0.0%, 大宗商品: 0.0%, 现金: 29.4%",0.43539437584641943,0.0,0.27029736671512966,0.0,0.0,0.294308257438451
417,"股票: 43.5%, 债券: 0.0%, 基金: 27.0%, REITs: 0.0%, 大宗商品: 0.0%, 现金: 29.4%",0.4353943758464194,0.0,0.2702973667151296,0.0,0.0,0.294308257438451
434,"股票: 43.5%, 债券: 0.0%, 基金: 27.0%, REITs: 0.0%, 大宗商品: 0.0%, 现金: 29.4%",0.43539437584641943,0.0,0.27029736671512966,0.0,0.0,0.294308257438451
435,"股票: 43.5%, 债券: 0.0%, 基金: 27.0%, REITs: 0.0%, 大宗商品: 0.0%, 现金: 29.4%",0.4353943758464194,0.0,0.2702973667151296,0.0,0.0,0.294308257438451
437,"股票: 43.5%, 债券: 0.0%, 基金: 27.0%, REITs: 0.0%, 大宗商品: 0.0%, 现金: 29.4%",0.4353943758464194,0.0,0.2702973667151296,0.0,0.0,0.294308257438451
453,"股票: 43.5%, 债券: 0.0%, 基金: 27.0%, REITs: 0.0%, 大宗商品: 0.0%, 现金: 29.4%",0.4353943758464194,0.0,0.27029736671512966,0.0,0.0,0.294308257438451
454,"股票: 43.5%, 债券: 0.0%, 基金: 27.0%, REITs: 0.0%, 大宗商品: 0.0%, 现金: 29.4%",0.4353943758464194,0.0,0.2702973667151296,0.0,0.0,0.294308257438451
462,"股票: 43.5%, 债券: 0.0%, 基金: 27.0%, REITs: 0.0%, 大宗商品: 0.0%, 现金: 29.4%",0.4353943758464194,0.0,0.2702973667151296,0.0,0.0,0.294308257438451
471,"股票: 43.5%, 债券: 0.0%, 基金: 27.0%, REITs: 0.0%, 大宗商品: 0.0%, 现金: 29.4%",0.4353943758464194,0.0,0.2702973667151296,0.0,0.0,0.294308257438451
473,"股票: 43.5%, 债券: 0.0%, 基金: 27.0%, REITs: 0.0%, 大宗商品: 0.0%, 现金: 29.4%",0.4353943758464194,0.0,0.2702973667151296,0.0,0.0,0.294308257438451
486,"股票: 43.5%, 债券: 0.0%, 基金: 27.0%, REITs: 0.0%, 大宗商品: 0.0%, 现金: 29.4%",0.4353943758464194,0.0,0.2702973667151296,0.0,0.0,0.294308257438451
522,"股票: 43.5%, 债券: 0.0%, 基金: 27.0%, REITs: 0.0%, 大宗商品: 0.0%, 现金: 29.4%",0.4353943758464194,0.0,0.2702973667151296,0.0,0.0,0.294308257438451
523,"股票: 43.5%, 债券: 0.0%, 基金: 27.0%, REITs: 0.0%, 大宗商品: 0.0%, 现金: 29.4%",0.4353943758464194,0.0,0.2702973667151296,0.0,0.0,0.294308257438451
525,"股票: 43.5%, 债券: 0.0%, 基金: 27.0%, REITs: 0.0%, 大宗商品: 0.0%, 现金: 29.4%",0.4353943758464194,0.0,0.2702973667151296,0.0,0.0,0.294308257438451
530,"股票: 43.5%, 债券: 0.0%, 基金: 27.0%, REITs: 0.0%, 大宗商品: 0.0%, 现金: 29.4%",0.4353943758464194,0.0,0.2702973667151296,0.0,0.0,0.294308257438451
531,"股票: 43.5%, 债券: 0.0%, 基金: 27.0%, REITs: 0.0%, 大宗商品: 0.0%, 现金: 29.4%",0.4353943758464194,0.0,0.2702973667151296,0.0,0.0,0.294308257438451
532,"股票: 43.5%, 债券: 0.0%, 基金: 27.0%, REITs: 0.0%, 大宗商品: 0.0%, 现金: 29.4%",0.4353943758464194,0.0,0.27029736671512966,0.0,0.0,0.294308257438451
534,"股票: 43.5%, 债券: 0.0%, 基金: 27.0%, REITs: 0.0%, 大宗商品: 0.0%, 现金: 29.4%",0.4353943758464194,0.0,0.2702973667151296,0.0,0.0,0.294308257438451
542,"股票: 43.5%, 债券: 0.0%, 基金: 27.0%, REITs: 0.0%, 大宗商品: 0.0%, 现金: 29.4%",0.4353943758464193,0.0,0.2702973667151296,0.0,0.0,0.29430825743845096
543,"股票: 43.5%, 债券: 0.0%, 基金: 27.0%, REITs: 0.0%, 大宗商品: 0.0%, 现金: 29.4%",0.4353943758464194,0.0,0.2702973667151296,0.0,0.0,0.294308257438451
549,"股票: 43.5%, 债券: 0.0%, 基金: 27.0%, REITs: 0.0%, 大宗商品: 0.0%, 现金: 29.4%",0.4353943758464194,0.0,0.2702973667151296,0.0,0.0,0.294308257438451
552,"股票: 43.5%, 债券: 0.0%, 基金: 27.0%, REITs: 0.0%, 大宗商品: 0.0%, 现金: 29.4%",0.4353943758464194,0.0,0.2702973667151296,0.0,0.0,0.294308257438451
553,"股票: 43.5%, 债券: 0.0%, 基金: 27.0%, REITs: 0.0%, 大宗商品: 0.0%, 现金: 29.4%",0.4353943758464194,0.0,0.2702973667151296,0.0,0.0,0.294308257438451
554,"股票: 43.5%, 债券: 0.0%, 基金: 27.0%, REITs: 0.0%, 大宗商品: 0.0%, 现金: 29.4%",0.4353943758464194,0.0,0.2702973667151296,0.0,0.0,0.294308257438451
555,"股票: 43.5%, 债券: 0.0%, 基金: 27.0%, REITs: 0.0%, 大宗商品: 0.0%, 现金: 29.4%",0.4353943758464194,0.0,0.2702973667151296,0.0,0.0,0.294308257438451
556,"股票: 43.5%, 债券: 0.0%, 基金: 27.0%, REITs: 0.0%, 大宗商品: 0.0%, 现金: 29.4%",0.4353943758464193,0.0,0.2702973667151296,0.0,0.0,0.294308257438451
559,"股票: 43.5%, 债券: 0.0%, 基金: 27.0%, REITs: 0.0%, 大宗商品: 0.0%, 现金: 29.4%",0.4353943758464194,0.0,0.2702973667151296,0.0,0.0,0.294308257438451
561,"股票: 43.5%, 债券: 0.0%, 基金: 27.0%, REITs: 0.0%, 大宗商品: 0.0%, 现金: 29.4%",0.4353943758464194,0.0,0.2702973667151296,0.0,0.0,0.29430825743845096
572,"股票: 43.5%, 债券: 0.0%, 基金: 27.0%, REITs: 0.0%, 大宗商品: 0.0%, 现金: 29.4%",0.4353943758464193,0.0,0.2702973667151296,0.0,0.0,0.294308257438451
576,"股票: 43.5%, 债券: 0.0%, 基金: 27.0%, REITs: 0.0%, 大宗商品: 0.0%, 现金: 29.4%",0.43539437584641943,0.0,0.2702973667151296,0.0,0.0,0.294308257438451
578,"股票: 43.5%, 债券: 0.0%, 基金: 27.0%, REITs: 0.0%, 大宗商品: 0.0%, 现金: 29.4%",0.4353943758464194,0.0,0.2702973667151296,0.0,0.0,0.294308257438451
601,"股票: 43.5%, 债券: 0.0%, 基金: 27.0%, REITs: 0.0%, 大宗商品: 0.0%, 现金: 29.4%",0.4353943758464194,0.0,0.2702973667151296,0.0,0.0,0.294308257438451
607,"股票: 43.5%, 债券: 0.0%, 基金: 27.0%, REITs: 0.0%, 大宗商品: 0.0%, 现金: 29.4%",0.4353943758464194,0.0,0.2702973667151296,0.0,0.0,0.294308257438451
619,"股票: 43.5%, 债券: 0.0%, 基金: 27.0%, REITs: 0.0%, 大宗商品: 0.0%, 现金: 29.4%",0.4353943758464194,0.0,0.2702973667151296,0.0,0.0,0.294308257438451
622,"股票: 43.5%, 债券: 0.0%, 基金: 27.0%, REITs: 0.0%, 大宗商品: 0.0%, 现金: 29.4%",0.4353943758464194,0.0,0.27029736671512966,0.0,0.0,0.294308257438451
623,"股票: 43.5%, 债券: 0.0%, 基金: 27.0%, REITs: 0.0%, 大宗商品: 0.0%, 现金: 29.4%",0.4353943758464194,0.0,0.2702973667151296,0.0,0.0,0.294308257438451
627,"股票: 43.5%, 债券: 0.0%, 基金: 27.0%, REITs: 0.0%, 大宗商品: 0.0%, 现金: 29.4%",0.4353943758464194,0.0,0.2702973667151296,0.0,0.0,0.29430825743845096
631,"股票: 43.5%, 债券: 0.0%, 基金: 27.0%, REITs: 0.0%, 大宗商品: 0.0%, 现金: 29.4%",0.4353943758464194,0.0,0.2702973667151296,0.0,0.0,0.294308257438451
632,"股票: 43.5%, 债券: 0.0%, 基金: 27.0%, REITs: 0.0%, 大宗商品: 0.0%, 现金: 29.4%",0.4353943758464194,0.0,0.2702973667151296,0.0,0.0,0.294308257438451
633,"股票: 43.5%, 债券: 0.0%, 基金: 27.0%, REITs: 0.0%, 大宗商品: 0.0%, 现金: 29.4%",0.4353943758464194,0.0,0.27029736671512966,0.0,0.0,0.294308257438451
638,"股票: 43.5%, 债券: 0.0%, 基金: 27.0%, REITs: 0.0%, 大宗商品: 0.0%, 现金: 29.4%",0.4353943758464194,0.0,0.2702973667151296,0.0,0.0,0.294308257438451
641,"股票: 43.5%, 债券: 0.0%, 基金: 27.0%, REITs: 0.0%, 大宗商品: 0.0%, 现金: 29.4%",0.4353943758464194,0.0,0.2702973667151296,0.0,0.0,0.294308257438451
644,"股票: 43.5%, 债券: 0.0%, 基金: 27.0%, REITs: 0.0%, 大宗商品: 0.0%, 现金: 29.4%",0.4353943758464194,0.0,0.2702973667151296,0.0,0.0,0.294308257438451
646,"股票: 43.5%, 债券: 0.0%, 基金: 27.0%, REITs: 0.0%, 大宗商品: 0.0%, 现金: 29.4%",0.4353943758464194,0.0,0.2702973667151296,0.0,0.0,0.294308257438451
654,"股票: 43.5%, 债券: 0.0%, 基金: 27.0%, REITs: 0.0%, 大宗商品: 0.0%, 现金: 29.4%",0.43539437584641943,0.0,0.2702973667151296,0.0,0.0,0.294308257438451
661,"股票: 43.5%, 债券: 0.0%, 基金: 27.0%, REITs: 0.0%, 大宗商品: 0.0%, 现金: 29.4%",0.4353943758464194,0.0,0.2702973667151296,0.0,0.0,0.294308257438451
668,"股票: 43.5%, 债券: 0.0%, 基金: 27.0%, REITs: 0.0%, 大宗商品: 0.0%, 现金: 29.4%",0.4353943758464193,0.0,0.2702973667151296,0.0,0.0,0.29430825743845096
669,"股票: 43.5%, 债券: 0.0%, 基金: 27.0%, REITs: 0.0%, 大宗商品: 0.0%, 现金: 29.4%",0.4353943758464194,0.0,0.2702973667151296,0.0,0.0,0.294308257438451
677,"股票: 43.5%, 债券: 0.0%, 基金: 27.0%, REITs: 0.0%, 大宗商品: 0.0%, 现金: 29.4%",0.4353943758464194,0.0,0.2702973667151296,0.0,0.0,0.29430825743845096
678,"股票: 43.5%, 债券: 0.0%, 基金: 27.0%, REITs: 0.0%, 大宗商品: 0.0%, 现金: 29.4%",0.4353943758464194,0.0,0.2702973667151296,0.0,0.0,0.294308257438451
688,"股票: 43.5%, 债券: 0.0%, 基金: 27.0%, REITs: 0.0%, 大宗商品: 0.0%, 现金: 29.4%",0.4353943758464193,0.0,0.2702973667151296,0.0,0.0,0.29430825743845096
692,"股票: 43.5%, 债券: 0.0%, 基金: 27.0%, REITs: 0.0%, 大宗商品: 0.0%, 现金: 29.4%",0.43539437584641943,0.0,0.2702973667151296,0.0,0.0,0.294308257438451
696,"股票: 43.5%, 债券: 0.0%, 基金: 27.0%, REITs: 0.0%, 大宗商品: 0.0%, 现金: 29.4%",0.4353943758464194,0.0,0.2702973667151296,0.0,0.0,0.294308257438451
698,"股票: 43.5%, 债券: 0.0%, 基金: 27.0%, REITs: 0.0%, 大宗商品: 0.0%, 现金: 29.4%",0.43539437584641943,0.0,0.2702973667151296,0.0,0.0,0.294308257438451
707,"股票: 43.5%, 债券: 0.0%, 基金: 27.0%, REITs: 0.0%, 大宗商品: 0.0%, 现金: 29.4%",0.4353943758464194,0.0,0.2702973667151296,0.0,0.0,0.294308257438451
709,"股票: 43.5%, 债券: 0.0%, 基金: 27.0%, REITs: 0.0%, 大宗商品: 0.0%, 现金: 29.4%",0.4353943758464194,0.0,0.2702973667151296,0.0,0.0,0.294308257438451
710,"股票: 43.5%, 债券: 0.0%, 基金: 27.0%, REITs: 0.0%, 大宗商品: 0.0%, 现金: 29.4%",0.4353943758464194,0.0,0.2702973667151296,0.0,0.0,0.294308257438451
725,"股票: 43.5%, 债券: 0.0%, 基金: 27.0%, REITs: 0.0%, 大宗商品: 0.0%, 现金: 29.4%",0.4353943758464194,0.0,0.2702973667151296,0.0,0.0,0.294308257438451
731,"股票: 43.5%, 债券: 0.0%, 基金: 27.0%, REITs: 0.0%, 大宗商品: 0.0%, 现金: 29.4%",0.4353943758464194,0.0,0.2702973667151296,0.0,0.0,0.294308257438451
751,"股票: 43.5%, 债券: 0.0%, 基金: 27.0%, REITs: 0.0%, 大宗商品: 0.0%, 现金: 29.4%",0.4353943758464194,0.0,0.2702973667151296,0.0,0.0,0.294308257438451
762,"股票: 43.5%, 债券: 0.0%, 基金: 27.0%, REITs: 0.0%, 大宗商品: 0.0%, 现金: 29.4%",0.4353943758464194,0.0,0.2702973667151296,0.0,0.0,0.294308257438451
768,"股票: 43.5%, 债券: 0.0%, 基金: 27.0%, REITs: 0.0%, 大宗商品: 0.0%, 现金: 29.4%",0.4353943758464194,0.0,0.2702973667151296,0.0,0.0,0.294308257438451
775,"股票: 43.5%, 债券: 0.0%, 基金: 27.0%, REITs: 0.0%, 大宗商品: 0.0%, 现金: 29.4%",0.4353943758464194,0.0,0.27029736671512966,0.0,0.0,0.294308257438451
777,"股票: 43.5%, 债券: 0.0%, 基金: 27.0%, REITs: 0.0%, 大宗商品: 0.0%, 现金: 29.4%",0.4353943758464194,0.0,0.2702973667151296,0.0,0.0,0.29430825743845096
780,"股票: 43.5%, 债券: 0.0%, 基金: 27.0%, REITs: 0.0%, 大宗商品: 0.0%, 现金: 29.4%",0.4353943758464194,0.0,0.2702973667151296,0.0,0.0,0.294308257438451
781,"股票: 43.5%, 债券: 0.0%, 基金: 27.0%, REITs: 0.0%, 大宗商品: 0.0%, 现金: 29.4%",0.4353943758464194,0.0,0.2702973667151296,0.0,0.0,0.294308257438451
782,"股票: 43.5%, 债券: 0.0%, 基金: 27.0%, REITs: 0.0%, 大宗商品: 0.0%, 现金: 29.4%",0.4353943758464194,0.0,0.27029736671512966,0.0,0.0,0.294308257438451
783,"股票: 43.5%, 债券: 0.0%, 基金: 27.0%, REITs: 0.0%, 大宗商品: 0.0%, 现金: 29.4%",0.4353943758464194,0.0,0.2702973667151296,0.0,0.0,0.294308257438451
800,"股票: 43.5%, 债券: 0.0%, 基金: 27.0%, REITs: 0.0%, 大宗商品: 0.0%, 现金: 29.4%",0.43539437584641943,0.0,0.2702973667151296,0.0,0.0,0.294308257438451
801,"股票: 43.5%, 债券: 0.0%, 基金: 27.0%, REITs: 0.0%, 大宗商品: 0.0%, 现金: 29.4%",0.43539437584641943,0.0,0.27029736671512966,0.0,0.0,0.294308257438451
811,"股票: 43.5%, 债券: 0.0%, 基金: 27.0%, REITs: 0.0%, 大宗商品: 0.0%, 现金: 29.4%",0.4353943758464194,0.0,0.2702973667151296,0.0,0.0,0.294308257438451
812,"股票: 43.5%, 债券: 0.0%, 基金: 27.0%, REITs: 0.0%, 大宗商品: 0.0%, 现金: 29.4%",0.4353943758464194,0.0,0.2702973667151296,0.0,0.0,0.294308257438451
821,"股票: 43.5%, 债券: 0.0%, 基金: 27.0%, REITs: 0.0%, 大宗商品: 0.0%, 现金: 29.4%",0.4353943758464194,0.0,0.2702973667151296,0.0,0.0,0.294308257438451
830,"股票: 43.5%, 债券: 0.0%, 基金: 27.0%, REITs: 0.0%, 大宗商品: 0.0%, 现金: 29.4%",0.4353943758464194,0.0,0.2702973667151296,0.0,0.0,0.294308257438451
841,"股票: 43.5%, 债券: 0.0%, 基金: 27.0%, REITs: 0.0%, 大宗商品: 0.0%, 现金: 29.4%",0.43539437584641943,0.0,0.27029736671512966,0.0,0.0,0.294308257438451
845,"股票: 43.5%, 债券: 0.0%, 基金: 27.0%, REITs: 0.0%, 大宗商品: 0.0%, 现金: 29.4%",0.4353943758464194,0.0,0.2702973667151296,0.0,0.0,0.294308257438451
848,"股票: 43.5%, 债券: 0.0%, 基金: 27.0%, REITs: 0.0%, 大宗商品: 0.0%, 现金: 29.4%",0.4353943758464194,0.0,0.2702973667151296,0.0,0.0,0.294308257438451
850,"股票: 43.5%, 债券: 0.0%, 基金: 27.0%, REITs: 0.0%, 大宗商品: 0.0%, 现金: 29.4%",0.4353943758464194,0.0,0.2702973667151296,0.0,0.0,0.294308257438451
865,"股票: 43.5%, 债券: 0.0%, 基金: 27.0%, REITs: 0.0%, 大宗商品: 0.0%, 现金: 29.4%",0.4353943758464194,0.0,0.27029736671512966,0.0,0.0,0.294308257438451
867,"股票: 43.5%, 债券: 0.0%, 基金: 27.0%, REITs: 0.0%, 大宗商品: 0.0%, 现金: 29.4%",0.4353943758464194,0.0,0.2702973667151296,0.0,0.0,0.294308257438451
874,"股票: 43.5%, 债券: 0.0%, 基金: 27.0%, REITs: 0.0%, 大宗商品: 0.0%, 现金: 29.4%",0.4353943758464194,0.0,0.2702973667151296,0.0,0.0,0.294308257438451
880,"股票: 43.5%, 债券: 0.0%, 基金: 27.0%, REITs: 0.0%, 大宗商品: 0.0%, 现金: 29.4%",0.4353943758464194,0.0,0.2702973667151296,0.0,0.0,0.294308257438451
881,"股票: 43.5%, 债券: 0.0%, 基金: 27.0%, REITs: 0.0%, 大宗商品: 0.0%, 现金: 29.4%",0.4353943758464194,0.0,0.2702973667151296,0.0,0.0,0.294308257438451
888,"股票: 43.5%, 债券: 0.0%, 基金: 27.0%, REITs: 0.0%, 大宗商品: 0.0%, 现金: 29.4%",0.4353943758464194,0.0,0.2702973667151296,0.0,0.0,0.294308257438451
890,"股票: 43.5%, 债券: 0.0%, 基金: 27.0%, REITs: 0.0%, 大宗商品: 0.0%, 现金: 29.4%",0.4353943758464194,0.0,0.2702973667151296,0.0,0.0,0.294308257438451
891,"股票: 43.5%, 债券: 0.0%, 基金: 27.0%, REITs: 0.0%, 大宗商品: 0.0%, 现金: 29.4%",0.4353943758464194,0.0,0.2702973667151296,0.0,0.0,0.294308257438451
892,"股票: 43.5%, 债券: 0.0%, 基金: 27.0%, REITs: 0.0%, 大宗商品: 0.0%, 现金: 29.4%",0.4353943758464194,0.0,0.2702973667151296,0.0,0.0,0.294308257438451
893,"股票: 43.5%, 债券: 0.0%, 基金: 27.0%, REITs: 0.0%, 大宗商品: 0.0%, 现金: 29.4%",0.43539437584641943,0.0,0.2702973667151296,0.0,0.0,0.294308257438451
896,"股票: 43.5%, 债券: 0.0%, 基金: 27.0%, REITs: 0.0%, 大宗商品: 0.0%, 现金: 29.4%",0.4353943758464194,0.0,0.2702973667151296,0.0,0.0,0.294308257438451
897,"股票: 43.5%, 债券: 0.0%, 基金: 27.0%, REITs: 0.0%, 大宗商品: 0.0%, 现金: 29.4%",0.4353943758464194,0.0,0.2702973667151296,0.0,0.0,0.294308257438451
899,"股票: 43.5%, 债券: 0.0%, 基金: 27.0%, REITs: 0.0%, 大宗商品: 0.0%, 现金: 29.4%",0.4353943758464194,0.0,0.2702973667151296,0.0,0.0,0.294308257438451
901,"股票: 43.5%, 债券: 0.0%, 基金: 27.0%, REITs: 0.0%, 大宗商品: 0.0%, 现金: 29.4%",0.4353943758464194,0.0,0.2702973667151296,0.0,0.0,0.29430825743845096
911,"股票: 43.5%, 债券: 0.0%, 基金: 27.0%, REITs: 0.0%, 大宗商品: 0.0%, 现金: 29.4%",0.4353943758464194,0.0,0.2702973667151296,0.0,0.0,0.294308257438451
912,"股票: 43.5%, 债券: 0.0%, 基金: 27.0%, REITs: 0.0%, 大宗商品: 0.0%, 现金: 29.4%",0.4353943758464194,0.0,0.2702973667151296,0.0,0.0,0.294308257438451
920,"股票: 43.5%, 债券: 0.0%, 基金: 27.0%, REITs: 0.0%, 大宗商品: 0.0%, 现金: 29.4%",0.4353943758464194,0.0,0.2702973667151296,0.0,0.0,0.294308257438451
933,"股票: 43.5%, 债券: 0.0%, 基金: 27.0%, REITs: 0.0%, 大宗商品: 0.0%, 现金: 29.4%",0.4353943758464194,0.0,0.2702973667151296,0.0,0.0,0.294308257438451
936,"股票: 43.5%, 债券: 0.0%, 基金: 27.0%, REITs: 0.0%, 大宗商品: 0.0%, 现金: 29.4%",0.4353943758464194,0.0,0.27029736671512966,0.0,0.0,0.294308257438451
937,"股票: 43.5%, 债券: 0.0%, 基金: 27.0%, REITs: 0.0%, 大宗商品: 0.0%, 现金: 29.4%",0.4353943758464194,0.0,0.27029736671512966,0.0,0.0,0.294308257438451
943,"股票: 43.5%, 债券: 0.0%, 基金: 27.0%, REITs: 0.0%, 大宗商品: 0.0%, 现金: 29.4%",0.4353943758464194,0.0,0.2702973667151296,0.0,0.0,0.294308257438451
948,"股票: 43.5%, 债券: 0.0%, 基金: 27.0%, REITs: 0.0%, 大宗商品: 0.0%, 现金: 29.4%",0.4353943758464194,0.0,0.2702973667151296,0.0,0.0,0.294308257438451
950,"股票: 43.5%, 债券: 0.0%, 基金: 27.0%, REITs: 0.0%, 大宗商品: 0.0%, 现金: 29.4%",0.4353943758464194,0.0,0.27029736671512966,0.0,0.0,0.294308257438451
953,"股票: 43.5%, 债券: 0.0%, 基金: 27.0%, REITs: 0.0%, 大宗商品: 0.0%, 现金: 29.4%",0.4353943758464194,0.0,0.2702973667151296,0.0,0.0,0.294308257438451
955,"股票: 43.5%, 债券: 0.0%, 基金: 27.0%, REITs: 0.0%, 大宗商品: 0.0%, 现金: 29.4%",0.4353943758464194,0.0,0.2702973667151296,0.0,0.0,0.294308257438451
956,"股票: 43.5%, 债券: 0.0%, 基金: 27.0%, REITs: 0.0%, 大宗商品: 0.0%, 现金: 29.4%",0.4353943758464193,0.0,0.2702973667151296,0.0,0.0,0.294308257438451
971,"股票: 43.5%, 债券: 0.0%, 基金: 27.0%, REITs: 0.0%, 大宗商品: 0.0%, 现金: 29.4%",0.4353943758464194,0.0,0.2702973667151296,0.0,0.0,0.294308257438451
973,"股票: 43.5%, 债券: 0.0%, 基金: 27.0%, REITs: 0.0%, 大宗商品: 0.0%, 现金: 29.4%",0.4353943758464194,0.0,0.2702973667151296,0.0,0.0,0.294308257438451
976,"股票: 43.5%, 债券: 0.0%, 基金: 27.0%, REITs: 0.0%, 大宗商品: 0.0%, 现金: 29.4%",0.4353943758464194,0.0,0.2702973667151296,0.0,0.0,0.294308257438451
986,"股票: 43.5%, 债券: 0.0%, 基金: 27.0%, REITs: 0.0%, 大宗商品: 0.0%, 现金: 29.4%",0.4353943758464194,0.0,0.2702973667151296,0.0,0.0,0.294308257438451
997,"股票: 43.5%, 债券: 0.0%, 基金: 27.0%, REITs: 0.0%, 大宗商品: 0.0%, 现金: 29.4%",0.4353943758464194,0.0,0.2702973667151296,0.0,0.0,0.294308257438451
1006,"股票: 43.5%, 债券: 0.0%, 基金: 27.0%, REITs: 0.0%, 大宗商品: 0.0%, 现金: 29.4%",0.43539437584641943,0.0,0.2702973667151296,0.0,0.0,0.294308257438451
1010,"股票: 43.5%, 债券: 0.0%, 基金: 27.0%, REITs: 0.0%, 大宗商品: 0.0%, 现金: 29.4%",0.4353943758464194,0.0,0.2702973667151296,0.0,0.0,0.294308257438451
1020,"股票: 43.5%, 债券: 0.0%, 基金: 27.0%, REITs: 0.0%, 大宗商品: 0.0%, 现金: 29.4%",0.4353943758464194,0.0,0.27029736671512966,0.0,0.0,0.294308257438451
1027,"股票: 43.5%, 债券: 0.0%, 基金: 27.0%, REITs: 0.0%, 大宗商品: 0.0%, 现金: 29.4%",0.4353943758464194,0.0,0.2702973667151296,0.0,0.0,0.294308257438451
1034,"股票: 43.5%, 债券: 0.0%, 基金: 27.0%, REITs: 0.0%, 大宗商品: 0.0%, 现金: 29.4%",0.4353943758464194,0.0,0.2702973667151296,0.0,0.0,0.294308257438451
1035,"股票: 43.5%, 债券: 0.0%, 基金: 27.0%, REITs: 0.0%, 大宗商品: 0.0%, 现金: 29.4%",0.4353943758464194,0.0,0.2702973667151296,0.0,0.0,0.294308257438451
1037,"股票: 43.5%, 债券: 0.0%, 基金: 27.0%, REITs: 0.0%, 大宗商品: 0.0%, 现金: 29.4%",0.4353943758464194,0.0,0.2702973667151296,0.0,0.0,0.294308257438451
1039,"股票: 43.5%, 债券: 0.0%, 基金: 27.0%, REITs: 0.0%, 大宗商品: 0.0%, 现金: 29.4%",0.4353943758464194,0.0,0.27029736671512966,0.0,0.0,0.294308257438451
1041,"股票: 43.5%, 债券: 0.0%, 基金: 27.0%, REITs: 0.0%, 大宗商品: 0.0%, 现金: 29.4%",0.4353943758464194,0.0,0.2702973667151296,0.0,0.0,0.294308257438451
1058,"股票: 43.5%, 债券: 0.0%, 基金: 27.0%, REITs: 0.0%, 大宗商品: 0.0%, 现金: 29.4%",0.4353943758464194,0.0,0.2702973667151296,0.0,0.0,0.294308257438451
1063,"股票: 43.5%, 债券: 0.0%, 基金: 27.0%, REITs: 0.0%, 大宗商品: 0.0%, 现金: 29.4%",0.4353943758464194,0.0,0.2702973667151296,0.0,0.0,0.294308257438451
1066,"股票: 43.5%, 债券: 0.0%, 基金: 27.0%, REITs: 0.0%, 大宗商品: 0.0%, 现金: 29.4%",0.4353943758464194,0.0,0.2702973667151296,0.0,0.0,0.294308257438451
1074,"股票: 43.5%, 债券: 0.0%, 基金: 27.0%, REITs: 0.0%, 大宗商品: 0.0%, 现金: 29.4%",0.4353943758464194,0.0,0.2702973667151296,0.0,0.0,0.294308257438451
1075,"股票: 43.5%, 债券: 0.0%, 基金: 27.0%, REITs: 0.0%, 大宗商品: 0.0%, 现金: 29.4%",0.4353943758464194,0.0,0.2702973667151296,0.0,0.0,0.294308257438451
1079,"股票: 43.5%, 债券: 0.0%, 基金: 27.0%, REITs: 0.0%, 大宗商品: 0.0%, 现金: 29.4%",0.4353943758464194,0.0,0.27029736671512966,0.0,0.0,0.294308257438451
1080,"股票: 43.5%, 债券: 0.0%, 基金: 27.0%, REITs: 0.0%, 大宗商品: 0.0%, 现金: 29.4%",0.4353943758464194,0.0,0.2702973667151296,0.0,0.0,0.294308257438451
1093,"股票: 43.5%, 债券: 0.0%, 基金: 27.0%, REITs: 0.0%, 大宗商品: 0.0%, 现金: 29.4%",0.4353943758464194,0.0,0.2702973667151296,0.0,0.0,0.294308257438451
1097,"股票: 43.5%, 债券: 0.0%, 基金: 27.0%, REITs: 0.0%, 大宗商品: 0.0%, 现金: 29.4%",0.4353943758464194,0.0,0.2702973667151296,0.0,0.0,0.294308257438451
1098,"股票: 43.5%, 债券: 0.0%, 基金: 27.0%, REITs: 0.0%, 大宗商品: 0.0%, 现金: 29.4%",0.4353943758464193,0.0,0.2702973667151296,0.0,0.0,0.29430825743845096
1100,"股票: 43.5%, 债券: 0.0%, 基金: 27.0%, REITs: 0.0%, 大宗商品: 0.0%, 现金: 29.4%",0.4353943758464194,0.0,0.2702973667151296,0.0,0.0,0.294308257438451
1101,"股票: 43.5%, 债券: 0.0%, 基金: 27.0%, REITs: 0.0%, 大宗商品: 0.0%, 现金: 29.4%",0.4353943758464194,0.0,0.2702973667151296,0.0,0.0,0.294308257438451
1108,"股票: 43.5%, 债券: 0.0%, 基金: 27.0%, REITs: 0.0%, 大宗商品: 0.0%, 现金: 29.4%",0.43539437584641943,0.0,0.2702973667151296,0.0,0.0,0.294308257438451
1112,"股票: 43.5%, 债券: 0.0%, 基金: 27.0%, REITs: 0.0%, 大宗商品: 0.0%, 现金: 29.4%",0.4353943758464194,0.0,0.2702973667151296,0.0,0.0,0.294308257438451
1113,"股票: 43.5%, 债券: 0.0%, 基金: 27.0%, REITs: 0.0%, 大宗商品: 0.0%, 现金: 29.4%",0.4353943758464194,0.0,0.2702973667151296,0.0,0.0,0.294308257438451
1123,"股票: 43.5%, 债券: 0.0%, 基金: 27.0%, REITs: 0.0%, 大宗商品: 0.0%, 现金: 29.4%",0.4353943758464194,0.0,0.2702973667151296,0.0,0.0,0.294308257438451
1129,"股票: 43.5%, 债券: 0.0%, 基金: 27.0%, REITs: 0.0%, 大宗商品: 0.0%, 现金: 29.4%",0.4353943758464194,0.0,0.2702973667151296,0.0,0.0,0.294308257438451
1133,"股票: 43.5%, 债券: 0.0%, 基金: 27.0%, REITs: 0.0%, 大宗商品: 0.0%, 现金: 29.4%",0.4353943758464194,0.0,0.2702973667151296,0.0,0.0,0.29430825743845096
1143,"股票: 43.5%, 债券: 0.0%, 基金: 27.0%, REITs: 0.0%, 大宗商品: 0.0%, 现金: 29.4%",0.4353943758464194,0.0,0.2702973667151296,0.0,0.0,0.294308257438451
1147,"股票: 43.5%, 债券: 0.0%, 基金: 27.0%, REITs: 0.0%, 大宗商品: 0.0%, 现金: 29.4%",0.4353943758464194,0.0,0.2702973667151296,0.0,0.0,0.294308257438451
1150,"股票: 43.5%, 债券: 0.0%, 基金: 27.0%, REITs: 0.0%, 大宗商品: 0.0%, 现金: 29.4%",0.4353943758464194,0.0,0.2702973667151296,0.0,0.0,0.294308257438451
1155,"股票: 43.5%, 债券: 0.0%, 基金: 27.0%, REITs: 0.0%, 大宗商品: 0.0%, 现金: 29.4%",0.4353943758464194,0.0,0.2702973667151296,0.0,0.0,0.294308257438451
1164,"股票: 43.5%, 债券: 0.0%, 基金: 27.0%, REITs: 0.0%, 大宗商品: 0.0%, 现金: 29.4%",0.4353943758464194,0.0,0.27029736671512966,0.0,0.0,0.29430825743845096
1166,"股票: 43.5%, 债券: 0.0%, 基金: 27.0%, REITs: 0.0%, 大宗商品: 0.0%, 现金: 29.4%",0.4353943758464193,0.0,0.2702973667151296,0.0,0.0,0.294308257438451
1172,"股票: 43.5%, 债券: 0.0%, 基金: 27.0%, REITs: 0.0%, 大宗商品: 0.0%, 现金: 29.4%",0.4353943758464194,0.0,0.2702973667151296,0.0,0.0,0.294308257438451
1176,"股票: 43.5%, 债券: 0.0%, 基金: 27.0%, REITs: 0.0%, 大宗商品: 0.0%, 现金: 29.4%",0.4353943758464194,0.0,0.2702973667151296,0.0,0.0,0.294308257438451
1180,"股票: 43.5%, 债券: 0.0%, 基金: 27.0%, REITs: 0.0%, 大宗商品: 0.0%, 现金: 29.4%",0.4353943758464194,0.0,0.27029736671512966,0.0,0.0,0.294308257438451
1183,"股票: 43.5%, 债券: 0.0%, 基金: 27.0%, REITs: 0.0%, 大宗商品: 0.0%, 现金: 29.4%",0.4353943758464194,0.0,0.2702973667151296,0.0,0.0,0.294308257438451
1188,"股票: 43.5%, 债券: 0.0%, 基金: 27.0%, REITs: 0.0%, 大宗商品: 0.0%, 现金: 29.4%",0.4353943758464194,0.0,0.2702973667151296,0.0,0.0,0.294308257438451
1192,"股票: 43.5%, 债券: 0.0%, 基金: 27.0%, REITs: 0.0%, 大宗商品: 0.0%, 现金: 29.4%",0.4353943758464194,0.0,0.2702973667151296,0.0,0.0,0.294308257438451
1194,"股票: 43.5%, 债券: 0.0%, 基金: 27.0%, REITs: 0.0%, 大宗商品: 0.0%, 现金: 29.4%",0.4353943758464193,0.0,0.2702973667151296,0.0,0.0,0.29430825743845096
1199,"股票: 43.5%, 债券: 0.0%, 基金: 27.0%, REITs: 0.0%, 大宗商品: 0.0%, 现金: 29.4%",0.4353943758464193,0.0,0.2702973667151296,0.0,0.0,0.294308257438451
1200,"股票: 43.5%, 债券: 0.0%, 基金: 27.0%, REITs: 0.0%, 大宗商品: 0.0%, 现金: 29.4%",0.4353943758464194,0.0,0.2702973667151296,0.0,0.0,0.294308257438451
1201,"股票: 43.5%, 债券: 0.0%, 基金: 27.0%, REITs: 0.0%, 大宗商品: 0.0%, 现金: 29.4%",0.4353943758464194,0.0,0.2702973667151296,0.0,0.0,0.294308257438451
1207,"股票: 43.5%, 债券: 0.0%, 基金: 27.0%, REITs: 0.0%, 大宗商品: 0.0%, 现金: 29.4%",0.4353943758464194,0.0,0.27029736671512966,0.0,0.0,0.294308257438451
1208,"股票: 43.5%, 债券: 0.0%, 基金: 27.0%, REITs: 0.0%, 大宗商品: 0.0%, 现金: 29.4%",0.43539437584641943,0.0,0.2702973667151296,0.0,0.0,0.294308257438451
1211,"股票: 43.5%, 债券: 0.0%, 基金: 27.0%, REITs: 0.0%, 大宗商品: 0.0%, 现金: 29.4%",0.4353943758464193,0.0,0.2702973667151296,0.0,0.0,0.29430825743845096
1214,"股票: 43.5%, 债券: 0.0%, 基金: 27.0%, REITs: 0.0%, 大宗商品: 0.0%, 现金: 29.4%",0.4353943758464194,0.0,0.2702973667151296,0.0,0.0,0.294308257438451
1215,"股票: 43.5%, 债券: 0.0%, 基金: 27.0%, REITs: 0.0%, 大宗商品: 0.0%, 现金: 29.4%",0.4353943758464194,0.0,0.2702973667151296,0.0,0.0,0.294308257438451
1225,"股票: 43.5%, 债券: 0.0%, 基金: 27.0%, REITs: 0.0%, 大宗商品: 0.0%, 现金: 29.4%",0.4353943758464194,0.0,0.2702973667151296,0.0,0.0,0.294308257438451
1229,"股票: 43.5%, 债券: 0.0%, 基金: 27.0%, REITs: 0.0%, 大宗商品: 0.0%, 现金: 29.4%",0.4353943758464194,0.0,0.2702973667151296,0.0,0.0,0.294308257438451
1232,"股票: 43.5%, 债券: 0.0%, 基金: 27.0%, REITs: 0.0%, 大宗商品: 0.0%, 现金: 29.4%",0.4353943758464194,0.0,0.2702973667151296,0.0,0.0,0.294308257438451
1234,"股票: 43.5%, 债券: 0.0%, 基金: 27.0%, REITs: 0.0%, 大宗商品: 0.0%, 现金: 29.4%",0.4353943758464194,0.0,0.2702973667151296,0.0,0.0,0.294308257438451
1253,"股票: 43.5%, 债券: 0.0%, 基金: 27.0%, REITs: 0.0%, 大宗商品: 0.0%, 现金: 29.4%",0.4353943758464194,0.0,0.27029736671512966,0.0,0.0,0.294308257438451
1267,"股票: 43.5%, 债券: 0.0%, 基金: 27.0%, REITs: 0.0%, 大宗商品: 0.0%, 现金: 29.4%",0.4353943758464194,0.0,0.2702973667151296,0.0,0.0,0.294308257438451
1270,"股票: 43.5%, 债券: 0.0%, 基金: 27.0%, REITs: 0.0%, 大宗商品: 0.0%, 现金: 29.4%",0.4353943758464194,0.0,0.27029736671512966,0.0,0.0,0.294308257438451
1274,"股票: 43.5%, 债券: 0.0%, 基金: 27.0%, REITs: 0.0%, 大宗商品: 0.0%, 现金: 29.4%",0.4353943758464194,0.0,0.2702973667151296,0.0,0.0,0.294308257438451
1277,"股票: 43.5%, 债券: 0.0%, 基金: 27.0%, REITs: 0.0%, 大宗商品: 0.0%, 现金: 29.4%",0.4353943758464194,0.0,0.2702973667151296,0.0,0.0,0.294308257438451
1280,"股票: 43.5%, 债券: 0.0%, 基金: 27.0%, REITs: 0.0%, 大宗商品: 0.0%, 现金: 29.4%",0.4353943758464194,0.0,0.2702973667151296,0.0,0.0,0.294308257438451
1283,"股票: 43.5%, 债券: 0.0%, 基金: 27.0%, REITs: 0.0%, 大宗商品: 0.0%, 现金: 29.4%",0.4353943758464194,0.0,0.27029736671512966,0.0,0.0,0.294308257438451
1285,"股票: 43.5%, 债券: 0.0%, 基金: 27.0%, REITs: 0.0%, 大宗商品: 0.0%, 现金: 29.4%",0.4353943758464194,0.0,0.2702973667151296,0.0,0.0,0.294308257438451
1289,"股票: 43.5%, 债券: 0.0%, 基金: 27.0%, REITs: 0.0%, 大宗商品: 0.0%, 现金: 29.4%",0.4353943758464194,0.0,0.2702973667151296,0.0,0.0,0.294308257438451
1292,"股票: 43.5%, 债券: 0.0%, 基金: 27.0%, REITs: 0.0%, 大宗商品: 0.0%, 现金: 29.4%",0.4353943758464193,0.0,0.2702973667151296,0.0,0.0,0.294308257438451
1313,"股票: 43.5%, 债券: 0.0%, 基金: 27.0%, REITs: 0.0%, 大宗商品: 0.0%, 现金: 29.4%",0.4353943758464194,0.0,0.2702973667151296,0.0,0.0,0.294308257438451
1316,"股票: 43.5%, 债券: 0.0%, 基金: 27.0%, REITs: 0.0%, 大宗商品: 0.0%, 现金: 29.4%",0.4353943758464194,0.0,0.2702973667151296,0.0,0.0,0.294308257438451
1317,"股票: 43.5%, 债券: 0.0%, 基金: 27.0%, REITs: 0.0%, 大宗商品: 0.0%, 现金: 29.4%",0.4353943758464194,0.0,0.2702973667151296,0.0,0.0,0.294308257438451
1318,"股票: 43.5%, 债券: 0.0%, 基金: 27.0%, REITs: 0.0%, 大宗商品: 0.0%, 现金: 29.4%",0.4353943758464194,0.0,0.2702973667151296,0.0,0.0,0.294308257438451
1319,"股票: 43.5%, 债券: 0.0%, 基金: 27.0%, REITs: 0.0%, 大宗商品: 0.0%, 现金: 29.4%",0.4353943758464194,0.0,0.2702973667151296,0.0,0.0,0.294308257438451
1320,"股票: 43.5%, 债券: 0.0%, 基金: 27.0%, REITs: 0.0%, 大宗商品: 0.0%, 现金: 29.4%",0.4353943758464194,0.0,0.2702973667151296,0.0,0.0,0.294308257438451
1322,"股票: 43.5%, 债券: 0.0%, 基金: 27.0%, REITs: 0.0%, 大宗商品: 0.0%, 现金: 29.4%",0.4353943758464194,0.0,0.2702973667151296,0.0,0.0,0.294308257438451
1323,"股票: 43.5%, 债券: 0.0%, 基金: 27.0%, REITs: 0.0%, 大宗商品: 0.0%, 现金: 29.4%",0.4353943758464194,0.0,0.2702973667151296,0.0,0.0,0.294308257438451
1335,"股票: 43.5%, 债券: 0.0%, 基金: 27.0%, REITs: 0.0%, 大宗商品: 0.0%, 现金: 29.4%",0.4353943758464194,0.0,0.27029736671512966,0.0,0.0,0.294308257438451
1338,"股票: 43.5%, 债券: 0.0%, 基金: 27.0%, REITs: 0.0%, 大宗商品: 0.0%, 现金: 29.4%",0.4353943758464194,0.0,0.2702973667151296,0.0,0.0,0.294308257438451
1341,"股票: 43.5%, 债券: 0.0%, 基金: 27.0%, REITs: 0.0%, 大宗商品: 0.0%, 现金: 29.4%",0.4353943758464194,0.0,0.2702973667151296,0.0,0.0,0.294308257438451
1349,"股票: 43.5%, 债券: 0.0%, 基金: 27.0%, REITs: 0.0%, 大宗商品: 0.0%, 现金: 29.4%",0.4353943758464194,0.0,0.2702973667151296,0.0,0.0,0.294308257438451
1371,"股票: 43.5%, 债券: 0.0%, 基金: 27.0%, REITs: 0.0%, 大宗商品: 0.0%, 现金: 29.4%",0.4353943758464194,0.0,0.2702973667151296,0.0,0.0,0.294308257438451
1390,"股票: 43.5%, 债券: 0.0%, 基金: 27.0%, REITs: 0.0%, 大宗商品: 0.0%, 现金: 29.4%",0.4353943758464194,0.0,0.2702973667151296,0.0,0.0,0.294308257438451
1392,"股票: 43.5%, 债券: 0.0%, 基金: 27.0%, REITs: 0.0%, 大宗商品: 0.0%, 现金: 29.4%",0.4353943758464194,0.0,0.2702973667151296,0.0,0.0,0.294308257438451
1395,"股票: 43.5%, 债券: 0.0%, 基金: 27.0%, REITs: 0.0%, 大宗商品: 0.0%, 现金: 29.4%",0.4353943758464194,0.0,0.2702973667151296,0.0,0.0,0.294308257438451
1396,"股票: 43.5%, 债券: 0.0%, 基金: 27.0%, REITs: 0.0%, 大宗商品: 0.0%, 现金: 29.4%",0.4353943758464194,0.0,0.2702973667151296,0.0,0.0,0.294308257438451
1398,"股票: 43.5%, 债券: 0.0%, 基金: 27.0%, REITs: 0.0%, 大宗商品: 0.0%, 现金: 29.4%",0.4353943758464194,0.0,0.2702973667151296,0.0,0.0,0.294308257438451
1401,"股票: 43.5%, 债券: 0.0%, 基金: 27.0%, REITs: 0.0%, 大宗商品: 0.0%, 现金: 29.4%",0.4353943758464194,0.0,0.2702973667151296,0.0,0.0,0.294308257438451
1402,"股票: 43.5%, 债券: 0.0%, 基金: 27.0%, REITs: 0.0%, 大宗商品: 0.0%, 现金: 29.4%",0.4353943758464194,0.0,0.2702973667151296,0.0,0.0,0.294308257438451
1410,"股票: 43.5%, 债券: 0.0%, 基金: 27.0%, REITs: 0.0%, 大宗商品: 0.0%, 现金: 29.4%",0.4353943758464194,0.0,0.27029736671512966,0.0,0.0,0.294308257438451
1413,"股票: 43.5%, 债券: 0.0%, 基金: 27.0%, REITs: 0.0%, 大宗商品: 0.0%, 现金: 29.4%",0.4353943758464194,0.0,0.2702973667151296,0.0,0.0,0.294308257438451
1426,"股票: 43.5%, 债券: 0.0%, 基金: 27.0%, REITs: 0.0%, 大宗商品: 0.0%, 现金: 29.4%",0.4353943758464194,0.0,0.2702973667151296,0.0,0.0,0.294308257438451
1429,"股票: 43.5%, 债券: 0.0%, 基金: 27.0%, REITs: 0.0%, 大宗商品: 0.0%, 现金: 29.4%",0.4353943758464193,0.0,0.2702973667151296,0.0,0.0,0.29430825743845096
1434,"股票: 43.5%, 债券: 0.0%, 基金: 27.0%, REITs: 0.0%, 大宗商品: 0.0%, 现金: 29.4%",0.4353943758464194,0.0,0.2702973667151296,0.0,0.0,0.294308257438451
1437,"股票: 43.5%, 债券: 0.0%, 基金: 27.0%, REITs: 0.0%, 大宗商品: 0.0%, 现金: 29.4%",0.4353943758464194,0.0,0.2702973667151296,0.0,0.0,0.294308257438451
1443,"股票: 43.5%, 债券: 0.0%, 基金: 27.0%, REITs: 0.0%, 大宗商品: 0.0%, 现金: 29.4%",0.4353943758464194,0.0,0.2702973667151296,0.0,0.0,0.294308257438451
1447,"股票: 43.5%, 债券: 0.0%, 基金: 27.0%, REITs: 0.0%, 大宗商品: 0.0%, 现金: 29.4%",0.4353943758464194,0.0,0.27029736671512966,0.0,0.0,0.294308257438451
1449,"股票: 43.5%, 债券: 0.0%, 基金: 27.0%, REITs: 0.0%, 大宗商品: 0.0%, 现金: 29.4%",0.43539437584641943,0.0,0.2702973667151296,0.0,0.0,0.294308257438451
1453,"股票: 43.5%, 债券: 0.0%, 基金: 27.0%, REITs: 0.0%, 大宗商品: 0.0%, 现金: 29.4%",0.43539437584641943,0.0,0.2702973667151296,0.0,0.0,0.294308257438451
1458,"股票: 43.5%, 债券: 0.0%, 基金: 27.0%, REITs: 0.0%, 大宗商品: 0.0%, 现金: 29.4%",0.4353943758464194,0.0,0.2702973667151296,0.0,0.0,0.294308257438451
1459,"股票: 43.5%, 债券: 0.0%, 基金: 27.0%, REITs: 0.0%, 大宗商品: 0.0%, 现金: 29.4%",0.4353943758464194,0.0,0.2702973667151296,0.0,0.0,0.294308257438451
1464,"股票: 43.5%, 债券: 0.0%, 基金: 27.0%, REITs: 0.0%, 大宗商品: 0.0%, 现金: 29.4%",0.4353943758464194,0.0,0.2702973667151296,0.0,0.0,0.294308257438451
1471,"股票: 43.5%, 债券: 0.0%, 基金: 27.0%, REITs: 0.0%, 大宗商品: 0.0%, 现金: 29.4%",0.43539437584641943,0.0,0.27029736671512966,0.0,0.0,0.294308257438451
1477,"股票: 43.5%, 债券: 0.0%, 基金: 27.0%, REITs: 0.0%, 大宗商品: 0.0%, 现金: 29.4%",0.4353943758464193,0.0,0.2702973667151296,0.0,0.0,0.29430825743845096
1479,"股票: 43.5%, 债券: 0.0%, 基金: 27.0%, REITs: 0.0%, 大宗商品: 0.0%, 现金: 29.4%",0.4353943758464194,0.0,0.2702973667151296,0.0,0.0,0.29430825743845096
1485,"股票: 43.5%, 债券: 0.0%, 基金: 27.0%, REITs: 0.0%, 大宗商品: 0.0%, 现金: 29.4%",0.4353943758464194,0.0,0.2702973667151296,0.0,0.0,0.294308257438451
1492,"股票: 43.5%, 债券: 0.0%, 基金: 27.0%, REITs: 0.0%, 大宗商品: 0.0%, 现金: 29.4%",0.43539437584641943,0.0,0.27029736671512966,0.0,0.0,0.294308257438451
1503,"股票: 43.5%, 债券: 0.0%, 基金: 27.0%, REITs: 0.0%, 大宗商品: 0.0%, 现金: 29.4%",0.4353943758464194,0.0,0.2702973667151296,0.0,0.0,0.294308257438451
1514,"股票: 43.5%, 债券: 0.0%, 基金: 27.0%, REITs: 0.0%, 大宗商品: 0.0%, 现金: 29.4%",0.4353943758464194,0.0,0.2702973667151296,0.0,0.0,0.294308257438451
1519,"股票: 43.5%, 债券: 0.0%, 基金: 27.0%, REITs: 0.0%, 大宗商品: 0.0%, 现金: 29.4%",0.4353943758464194,0.0,0.2702973667151296,0.0,0.0,0.294308257438451
1531,"股票: 43.5%, 债券: 0.0%, 基金: 27.0%, REITs: 0.0%, 大宗商品: 0.0%, 现金: 29.4%",0.4353943758464194,0.0,0.2702973667151296,0.0,0.0,0.29430825743845096
1537,"股票: 43.5%, 债券: 0.0%, 基金: 27.0%, REITs: 0.0%, 大宗商品: 0.0%, 现金: 29.4%",0.4353943758464194,0.0,0.2702973667151296,0.0,0.0,0.294308257438451
1545,"股票: 43.5%, 债券: 0.0%, 基金: 27.0%, REITs: 0.0%, 大宗商品: 0.0%, 现金: 29.4%",0.4353943758464194,0.0,0.2702973667151296,0.0,0.0,0.294308257438451
1547,"股票: 43.5%, 债券: 0.0%, 基金: 27.0%, REITs: 0.0%, 大宗商品: 0.0%, 现金: 29.4%",0.4353943758464194,0.0,0.2702973667151296,0.0,0.0,0.294308257438451
1550,"股票: 43.5%, 债券: 0.0%, 基金: 27.0%, REITs: 0.0%, 大宗商品: 0.0%, 现金: 29.4%",0.4353943758464194,0.0,0.2702973667151296,0.0,0.0,0.29430825743845096
1553,"股票: 43.5%, 债券: 0.0%, 基金: 27.0%, REITs: 0.0%, 大宗商品: 0.0%, 现金: 29.4%",0.43539437584641943,0.0,0.2702973667151296,0.0,0.0,0.294308257438451
1554,"股票: 43.5%, 债券: 0.0%, 基金: 27.0%, REITs: 0.0%, 大宗商品: 0.0%, 现金: 29.4%",0.4353943758464194,0.0,0.2702973667151296,0.0,0.0,0.294308257438451
1557,"股票: 43.5%, 债券: 0.0%, 基金: 27.0%, REITs: 0.0%, 大宗商品: 0.0%, 现金: 29.4%",0.4353943758464194,0.0,0.2702973667151296,0.0,0.0,0.294308257438451
1561,"股票: 43.5%, 债券: 0.0%, 基金: 27.0%, REITs: 0.0%, 大宗商品: 0.0%, 现金: 29.4%",0.4353943758464194,0.0,0.27029736671512966,0.0,0.0,0.294308257438451
1562,"股票: 43.5%, 债券: 0.0%, 基金: 27.0%, REITs: 0.0%, 大宗商品: 0.0%, 现金: 29.4%",0.4353943758464194,0.0,0.2702973667151296,0.0,0.0,0.294308257438451
1570,"股票: 43.5%, 债券: 0.0%, 基金: 27.0%, REITs: 0.0%, 大宗商品: 0.0%, 现金: 29.4%",0.4353943758464194,0.0,0.2702973667151296,0.0,0.0,0.294308257438451
1578,"股票: 43.5%, 债券: 0.0%, 基金: 27.0%, REITs: 0.0%, 大宗商品: 0.0%, 现金: 29.4%",0.4353943758464194,0.0,0.2702973667151296,0.0,0.0,0.294308257438451
1585,"股票: 43.5%, 债券: 0.0%, 基金: 27.0%, REITs: 0.0%, 大宗商品: 0.0%, 现金: 29.4%",0.4353943758464194,0.0,0.2702973667151296,0.0,0.0,0.294308257438451
1586,"股票: 43.5%, 债券: 0.0%, 基金: 27.0%, REITs: 0.0%, 大宗商品: 0.0%, 现金: 29.4%",0.4353943758464194,0.0,0.2702973667151296,0.0,0.0,0.294308257438451
1587,"股票: 43.5%, 债券: 0.0%, 基金: 27.0%, REITs: 0.0%, 大宗商品: 0.0%, 现金: 29.4%",0.4353943758464194,0.0,0.2702973667151296,0.0,0.0,0.294308257438451
1592,"股票: 43.5%, 债券: 0.0%, 基金: 27.0%, REITs: 0.0%, 大宗商品: 0.0%, 现金: 29.4%",0.43539437584641943,0.0,0.2702973667151296,0.0,0.0,0.294308257438451
1597,"股票: 43.5%, 债券: 0.0%, 基金: 27.0%, REITs: 0.0%, 大宗商品: 0.0%, 现金: 29.4%",0.43539437584641943,0.0,0.27029736671512966,0.0,0.0,0.294308257438451
1607,"股票: 43.5%, 债券: 0.0%, 基金: 27.0%, REITs: 0.0%, 大宗商品: 0.0%, 现金: 29.4%",0.4353943758464193,0.0,0.2702973667151296,0.0,0.0,0.29430825743845096
1611,"股票: 43.5%, 债券: 0.0%, 基金: 27.0%, REITs: 0.0%, 大宗商品: 0.0%, 现金: 29.4%",0.4353943758464194,0.0,0.2702973667151296,0.0,0.0,0.29430825743845096
1620,"股票: 43.5%, 债券: 0.0%, 基金: 27.0%, REITs: 0.0%, 大宗商品: 0.0%, 现金: 29.4%",0.43539437584641943,0.0,0.27029736671512966,0.0,0.0,0.294308257438451
1627,"股票: 43.5%, 债券: 0.0%, 基金: 27.0%, REITs: 0.0%, 大宗商品: 0.0%, 现金: 29.4%",0.43539437584641943,0.0,0.27029736671512966,0.0,0.0,0.29430825743845107
1628,"股票: 43.5%, 债券: 0.0%, 基金: 27.0%, REITs: 0.0%, 大宗商品: 0.0%, 现金: 29.4%",0.4353943758464194,0.0,0.2702973667151296,0.0,0.0,0.294308257438451
1631,"股票: 43.5%, 债券: 0.0%, 基金: 27.0%, REITs: 0.0%, 大宗商品: 0.0%, 现金: 29.4%",0.4353943758464194,0.0,0.2702973667151296,0.0,0.0,0.294308257438451
1644,"股票: 43.5%, 债券: 0.0%, 基金: 27.0%, REITs: 0.0%, 大宗商品: 0.0%, 现金: 29.4%",0.4353943758464194,0.0,0.2702973667151296,0.0,0.0,0.294308257438451
1649,"股票: 43.5%, 债券: 0.0%, 基金: 27.0%, REITs: 0.0%, 大宗商品: 0.0%, 现金: 29.4%",0.4353943758464194,0.0,0.27029736671512966,0.0,0.0,0.294308257438451
1650,"股票: 43.5%, 债券: 0.0%, 基金: 27.0%, REITs: 0.0%, 大宗商品: 0.0%, 现金: 29.4%",0.4353943758464193,0.0,0.2702973667151296,0.0,0.0,0.294308257438451
1664,"股票: 43.5%, 债券: 0.0%, 基金: 27.0%, REITs: 0.0%, 大宗商品: 0.0%, 现金: 29.4%",0.4353943758464194,0.0,0.27029736671512966,0.0,0.0,0.294308257438451
1667,"股票: 43.5%, 债券: 0.0%, 基金: 27.0%, REITs: 0.0%, 大宗商品: 0.0%, 现金: 29.4%",0.4353943758464194,0.0,0.2702973667151296,0.0,0.0,0.294308257438451
1674,"股票: 43.5%, 债券: 0.0%, 基金: 27.0%, REITs: 0.0%, 大宗商品: 0.0%, 现金: 29.4%",0.43539437584641943,0.0,0.2702973667151296,0.0,0.0,0.294308257438451
1675,"股票: 43.5%, 债券: 0.0%, 基金: 27.0%, REITs: 0.0%, 大宗商品: 0.0%, 现金: 29.4%",0.4353943758464194,0.0,0.2702973667151296,0.0,0.0,0.294308257438451
1678,"股票: 43.5%, 债券: 0.0%, 基金: 27.0%, REITs: 0.0%, 大宗商品: 0.0%, 现金: 29.4%",0.4353943758464194,0.0,0.27029736671512966,0.0,0.0,0.294308257438451
1681,"股票: 43.5%, 债券: 0.0%, 基金: 27.0%, REITs: 0.0%, 大宗商品: 0.0%, 现金: 29.4%",0.4353943758464194,0.0,0.27029736671512966,0.0,0.0,0.294308257438451
1682,"股票: 43.5%, 债券: 0.0%, 基金: 27.0%, REITs: 0.0%, 大宗商品: 0.0%, 现金: 29.4%",0.4353943758464193,0.0,0.2702973667151296,0.0,0.0,0.29430825743845096
1692,"股票: 43.5%, 债券: 0.0%, 基金: 27.0%, REITs: 0.0%, 大宗商品: 0.0%, 现金: 29.4%",0.4353943758464194,0.0,0.2702973667151296,0.0,0.0,0.294308257438451
1694,"股票: 43.5%, 债券: 0.0%, 基金: 27.0%, REITs: 0.0%, 大宗商品: 0.0%, 现金: 29.4%",0.4353943758464194,0.0,0.2702973667151296,0.0,0.0,0.294308257438451
1697,"股票: 43.5%, 债券: 0.0%, 基金: 27.0%, REITs: 0.0%, 大宗商品: 0.0%, 现金: 29.4%",0.4353943758464194,0.0,0.2702973667151296,0.0,0.0,0.294308257438451
1707,"股票: 43.5%, 债券: 0.0%, 基金: 27.0%, REITs: 0.0%, 大宗商品: 0.0%, 现金: 29.4%",0.4353943758464194,0.0,0.27029736671512966,0.0,0.0,0.29430825743845096
1708,"股票: 43.5%, 债券: 0.0%, 基金: 27.0%, REITs: 0.0%, 大宗商品: 0.0%, 现金: 29.4%",0.4353943758464194,0.0,0.2702973667151296,0.0,0.0,0.294308257438451
1711,"股票: 43.5%, 债券: 0.0%, 基金: 27.0%, REITs: 0.0%, 大宗商品: 0.0%, 现金: 29.4%",0.4353943758464194,0.0,0.2702973667151296,0.0,0.0,0.294308257438451
1714,"股票: 43.5%, 债券: 0.0%, 基金: 27.0%, REITs: 0.0%, 大宗商品: 0.0%, 现金: 29.4%",0.4353943758464194,0.0,0.2702973667151296,0.0,0.0,0.294308257438451
1717,"股票: 43.5%, 债券: 0.0%, 基金: 27.0%, REITs: 0.0%, 大宗商品: 0.0%, 现金: 29.4%",0.4353943758464194,0.0,0.2702973667151296,0.0,0.0,0.294308257438451
1722,"股票: 43.5%, 债券: 0.0%, 基金: 27.0%, REITs: 0.0%, 大宗商品: 0.0%, 现金: 29.4%",0.4353943758464194,0.0,0.2702973667151296,0.0,0.0,0.294308257438451
1727,"股票: 43.5%, 债券: 0.0%, 基金: 27.0%, REITs: 0.0%, 大宗商品: 0.0%, 现金: 29.4%",0.4353943758464194,0.0,0.2702973667151296,0.0,0.0,0.294308257438451
1730,"股票: 43.5%, 债券: 0.0%, 基金: 27.0%, REITs: 0.0%, 大宗商品: 0.0%, 现金: 29.4%",0.4353943758464194,0.0,0.2702973667151296,0.0,0.0,0.294308257438451
1736,"股票: 43.5%, 债券: 0.0%, 基金: 27.0%, REITs: 0.0%, 大宗商品: 0.0%, 现金: 29.4%",0.4353943758464194,0.0,0.2702973667151296,0.0,0.0,0.294308257438451
1739,"股票: 43.5%, 债券: 0.0%, 基金: 27.0%, REITs: 0.0%, 大宗商品: 0.0%, 现金: 29.4%",0.4353943758464194,0.0,0.2702973667151296,0.0,0.0,0.294308257438451
1740,"股票: 43.5%, 债券: 0.0%, 基金: 27.0%, REITs: 0.0%, 大宗商品: 0.0%, 现金: 29.4%",0.4353943758464194,0.0,0.2702973667151296,0.0,0.0,0.294308257438451
1750,"股票: 43.5%, 债券: 0.0%, 基金: 27.0%, REITs: 0.0%, 大宗商品: 0.0%, 现金: 29.4%",0.4353943758464194,0.0,0.2702973667151296,0.0,0.0,0.294308257438451
1752,"股票: 43.5%, 债券: 0.0%, 基金: 27.0%, REITs: 0.0%, 大宗商品: 0.0%, 现金: 29.4%",0.4353943758464194,0.0,0.2702973667151296,0.0,0.0,0.294308257438451
1753,"股票: 43.5%, 债券: 0.0%, 基金: 27.0%, REITs: 0.0%, 大宗商品: 0.0%, 现金: 29.4%",0.4353943758464194,0.0,0.2702973667151296,0.0,0.0,0.294308257438451
1761,"股票: 43.5%, 债券: 0.0%, 基金: 27.0%, REITs: 0.0%, 大宗商品: 0.0%, 现金: 29.4%",0.4353943758464194,0.0,0.27029736671512966,0.0,0.0,0.294308257438451
1764,"股票: 43.5%, 债券: 0.0%, 基金: 27.0%, REITs: 0.0%, 大宗商品: 0.0%, 现金: 29.4%",0.4353943758464194,0.0,0.2702973667151296,0.0,0.0,0.294308257438451
1765,"股票: 43.5%, 债券: 0.0%, 基金: 27.0%, REITs: 0.0%, 大宗商品: 0.0%, 现金: 29.4%",0.43539437584641943,0.0,0.27029736671512966,0.0,0.0,0.294308257438451
1768,"股票: 43.5%, 债券: 0.0%, 基金: 27.0%, REITs: 0.0%, 大宗商品: 0.0%, 现金: 29.4%",0.4353943758464194,0.0,0.27029736671512966,0.0,0.0,0.294308257438451
1769,"股票: 43.5%, 债券: 0.0%, 基金: 27.0%, REITs: 0.0%, 大宗商品: 0.0%, 现金: 29.4%",0.4353943758464194,0.0,0.27029736671512966,0.0,0.0,0.294308257438451
1773,"股票: 43.5%, 债券: 0.0%, 基金: 27.0%, REITs: 0.0%, 大宗商品: 0.0%, 现金: 29.4%",0.4353943758464194,0.0,0.2702973667151296,0.0,0.0,0.294308257438451
1774,"股票: 43.5%, 债券: 0.0%, 基金: 27.0%, REITs: 0.0%, 大宗商品: 0.0%, 现金: 29.4%",0.4353943758464194,0.0,0.2702973667151296,0.0,0.0,0.294308257438451
1778,"股票: 43.5%, 债券: 0.0%, 基金: 27.0%, REITs: 0.0%, 大宗商品: 0.0%, 现金: 29.4%",0.4353943758464194,0.0,0.2702973667151296,0.0,0.0,0.294308257438451
1781,"股票: 43.5%, 债券: 0.0%, 基金: 27.0%, REITs: 0.0%, 大宗商品: 0.0%, 现金: 29.4%",0.4353943758464194,0.0,0.2702973667151296,0.0,0.0,0.294308257438451
1784,"股票: 43.5%, 债券: 0.0%, 基金: 27.0%, REITs: 0.0%, 大宗商品: 0.0%, 现金: 29.4%",0.4353943758464194,0.0,0.2702973667151296,0.0,0.0,0.294308257438451
1786,"股票: 43.5%, 债券: 0.0%, 基金: 27.0%, REITs: 0.0%, 大宗商品: 0.0%, 现金: 29.4%",0.4353943758464194,0.0,0.2702973667151296,0.0,0.0,0.29430825743845096
1796,"股票: 43.5%, 债券: 0.0%, 基金: 27.0%, REITs: 0.0%, 大宗商品: 0.0%, 现金: 29.4%",0.4353943758464194,0.0,0.2702973667151296,0.0,0.0,0.294308257438451
1801,"股票: 43.5%, 债券: 0.0%, 基金: 27.0%, REITs: 0.0%, 大宗商品: 0.0%, 现金: 29.4%",0.4353943758464194,0.0,0.2702973667151296,0.0,0.0,0.294308257438451
1802,"股票: 43.5%, 债券: 0.0%, 基金: 27.0%, REITs: 0.0%, 大宗商品: 0.0%, 现金: 29.4%",0.4353943758464194,0.0,0.2702973667151296,0.0,0.0,0.294308257438451
1803,"股票: 43.5%, 债券: 0.0%, 基金: 27.0%, REITs: 0.0%, 大宗商品: 0.0%, 现金: 29.4%",0.43539437584641943,0.0,0.2702973667151296,0.0,0.0,0.294308257438451
1813,"股票: 43.5%, 债券: 0.0%, 基金: 27.0%, REITs: 0.0%, 大宗商品: 0.0%, 现金: 29.4%",0.4353943758464194,0.0,0.2702973667151296,0.0,0.0,0.294308257438451
1816,"股票: 43.5%, 债券: 0.0%, 基金: 27.0%, REITs: 0.0%, 大宗商品: 0.0%, 现金: 29.4%",0.4353943758464194,0.0,0.2702973667151296,0.0,0.0,0.294308257438451
1817,"股票: 43.5%, 债券: 0.0%, 基金: 27.0%, REITs: 0.0%, 大宗商品: 0.0%, 现金: 29.4%",0.4353943758464194,0.0,0.2702973667151296,0.0,0.0,0.294308257438451
1819,"股票: 43.5%, 债券: 0.0%, 基金: 27.0%, REITs: 0.0%, 大宗商品: 0.0%, 现金: 29.4%",0.4353943758464194,0.0,0.2702973667151296,0.0,0.0,0.294308257438451
1827,"股票: 43.5%, 债券: 0.0%, 基金: 27.0%, REITs: 0.0%, 大宗商品: 0.0%, 现金: 29.4%",0.4353943758464193,0.0,0.2702973667151296,0.0,0.0,0.29430825743845096
1829,"股票: 43.5%, 债券: 0.0%, 基金: 27.0%, REITs: 0.0%, 大宗商品: 0.0%, 现金: 29.4%",0.4353943758464194,0.0,0.2702973667151296,0.0,0.0,0.294308257438451
1830,"股票: 43.5%, 债券: 0.0%, 基金: 27.0%, REITs: 0.0%, 大宗商品: 0.0%, 现金: 29.4%",0.4353943758464193,0.0,0.2702973667151296,0.0,0.0,0.29430825743845096
1843,"股票: 43.5%, 债券: 0.0%, 基金: 27.0%, REITs: 0.0%, 大宗商品: 0.0%, 现金: 29.4%",0.4353943758464194,0.0,0.2702973667151296,0.0,0.0,0.294308257438451
1844,"股票: 43.5%, 债券: 0.0%, 基金: 27.0%, REITs: 0.0%, 大宗商品: 0.0%, 现金: 29.4%",0.4353943758464194,0.0,0.2702973667151296,0.0,0.0,0.294308257438451
1847,"股票: 43.5%, 债券: 0.0%, 基金: 27.0%, REITs: 0.0%, 大宗商品: 0.0%, 现金: 29.4%",0.4353943758464194,0.0,0.2702973667151296,0.0,0.0,0.294308257438451
1848,"股票: 43.5%, 债券: 0.0%, 基金: 27.0%, REITs: 0.0%, 大宗商品: 0.0%, 现金: 29.4%",0.43539437584641943,0.0,0.27029736671512966,0.0,0.0,0.294308257438451
1850,"股票: 43.5%, 债券: 0.0%, 基金: 27.0%, REITs: 0.0%, 大宗商品: 0.0%, 现金: 29.4%",0.4353943758464194,0.0,0.2702973667151296,0.0,0.0,0.294308257438451
1851,"股票: 43.5%, 债券: 0.0%, 基金: 27.0%, REITs: 0.0%, 大宗商品: 0.0%, 现金: 29.4%",0.4353943758464194,0.0,0.2702973667151296,0.0,0.0,0.294308257438451
1854,"股票: 43.5%, 债券: 0.0%, 基金: 27.0%, REITs: 0.0%, 大宗商品: 0.0%, 现金: 29.4%",0.4353943758464194,0.0,0.2702973667151296,0.0,0.0,0.29430825743845096
1857,"股票: 43.5%, 债券: 0.0%, 基金: 27.0%, REITs: 0.0%, 大宗商品: 0.0%, 现金: 29.4%",0.4353943758464194,0.0,0.2702973667151296,0.0,0.0,0.294308257438451
1859,"股票: 43.5%, 债券: 0.0%, 基金: 27.0%, REITs: 0.0%, 大宗商品: 0.0%, 现金: 29.4%",0.4353943758464194,0.0,0.2702973667151296,0.0,0.0,0.294308257438451
1861,"股票: 43.5%, 债券: 0.0%, 基金: 27.0%, REITs: 0.0%, 大宗商品: 0.0%, 现金: 29.4%",0.4353943758464194,0.0,0.27029736671512966,0.0,0.0,0.294308257438451
1863,"股票: 43.5%, 债券: 0.0%, 基金: 27.0%, REITs: 0.0%, 大宗商品: 0.0%, 现金: 29.4%",0.4353943758464194,0.0,0.2702973667151296,0.0,0.0,0.294308257438451
1886,"股票: 43.5%, 债券: 0.0%, 基金: 27.0%, REITs: 0.0%, 大宗商品: 0.0%, 现金: 29.4%",0.4353943758464194,0.0,0.2702973667151296,0.0,0.0,0.294308257438451
1887,"股票: 43.5%, 债券: 0.0%, 基金: 27.0%, REITs: 0.0%, 大宗商品: 0.0%, 现金: 29.4%",0.4353943758464194,0.0,0.2702973667151296,0.0,0.0,0.294308257438451
1890,"股票: 43.5%, 债券: 0.0%, 基金: 27.0%, REITs: 0.0%, 大宗商品: 0.0%, 现金: 29.4%",0.4353943758464194,0.0,0.2702973667151296,0.0,0.0,0.294308257438451
1892,"股票: 43.5%, 债券: 0.0%, 基金: 27.0%, REITs: 0.0%, 大宗商品: 0.0%, 现金: 29.4%",0.4353943758464194,0.0,0.2702973667151296,0.0,0.0,0.294308257438451
1893,"股票: 43.5%, 债券: 0.0%, 基金: 27.0%, REITs: 0.0%, 大宗商品: 0.0%, 现金: 29.4%",0.4353943758464194,0.0,0.2702973667151296,0.0,0.0,0.294308257438451
1894,"股票: 43.5%, 债券: 0.0%, 基金: 27.0%, REITs: 0.0%, 大宗商品: 0.0%, 现金: 29.4%",0.4353943758464194,0.0,0.2702973667151296,0.0,0.0,0.294308257438451
1897,"股票: 43.5%, 债券: 0.0%, 基金: 27.0%, REITs: 0.0%, 大宗商品: 0.0%, 现金: 29.4%",0.4353943758464194,0.0,0.2702973667151296,0.0,0.0,0.294308257438451
1898,"股票: 43.5%, 债券: 0.0%, 基金: 27.0%, REITs: 0.0%, 大宗商品: 0.0%, 现金: 29.4%",0.4353943758464194,0.0,0.2702973667151296,0.0,0.0,0.294308257438451
1901,"股票: 43.5%, 债券: 0.0%, 基金: 27.0%, REITs: 0.0%, 大宗商品: 0.0%, 现金: 29.4%",0.4353943758464194,0.0,0.2702973667151296,0.0,0.0,0.294308257438451
1909,"股票: 43.5%, 债券: 0.0%, 基金: 27.0%, REITs: 0.0%, 大宗商品: 0.0%, 现金: 29.4%",0.4353943758464194,0.0,0.2702973667151296,0.0,0.0,0.294308257438451
1917,"股票: 43.5%, 债券: 0.0%, 基金: 27.0%, REITs: 0.0%, 大宗商品: 0.0%, 现金: 29.4%",0.4353943758464194,0.0,0.2702973667151296,0.0,0.0,0.294308257438451
1924,"股票: 43.5%, 债券: 0.0%, 基金: 27.0%, REITs: 0.0%, 大宗商品: 0.0%, 现金: 29.4%",0.4353943758464194,0.0,0.2702973667151296,0.0,0.0,0.294308257438451
1926,"股票: 43.5%, 债券: 0.0%, 基金: 27.0%, REITs: 0.0%, 大宗商品: 0.0%, 现金: 29.4%",0.4353943758464194,0.0,0.2702973667151296,0.0,0.0,0.294308257438451
1929,"股票: 43.5%, 债券: 0.0%, 基金: 27.0%, REITs: 0.0%, 大宗商品: 0.0%, 现金: 29.4%",0.4353943758464194,0.0,0.2702973667151296,0.0,0.0,0.29430825743845096
1933,"股票: 43.5%, 债券: 0.0%, 基金: 27.0%, REITs: 0.0%, 大宗商品: 0.0%, 现金: 29.4%",0.4353943758464194,0.0,0.2702973667151296,0.0,0.0,0.294308257438451
1935,"股票: 43.5%, 债券: 0.0%, 基金: 27.0%, REITs: 0.0%, 大宗商品: 0.0%, 现金: 29.4%",0.4353943758464194,0.0,0.2702973667151296,0.0,0.0,0.294308257438451
1947,"股票: 43.5%, 债券: 0.0%, 基金: 27.0%, REITs: 0.0%, 大宗商品: 0.0%, 现金: 29.4%",0.4353943758464194,0.0,0.2702973667151296,0.0,0.0,0.294308257438451
1952,"股票: 43.5%, 债券: 0.0%, 基金: 27.0%, REITs: 0.0%, 大宗商品: 0.0%, 现金: 29.4%",0.4353943758464194,0.0,0.2702973667151296,0.0,0.0,0.294308257438451
1953,"股票: 43.5%, 债券: 0.0%, 基金: 27.0%, REITs: 0.0%, 大宗商品: 0.0%, 现金: 29.4%",0.4353943758464194,0.0,0.2702973667151296,0.0,0.0,0.294308257438451
1956,"股票: 43.5%, 债券: 0.0%, 基金: 27.0%, REITs: 0.0%, 大宗商品: 0.0%, 现金: 29.4%",0.4353943758464194,0.0,0.2702973667151296,0.0,0.0,0.294308257438451
1957,"股票: 43.5%, 债券: 0.0%, 基金: 27.0%, REITs: 0.0%, 大宗商品: 0.0%, 现金: 29.4%",0.4353943758464194,0.0,0.2702973667151296,0.0,0.0,0.294308257438451
1969,"股票: 43.5%, 债券: 0.0%, 基金: 27.0%, REITs: 0.0%, 大宗商品: 0.0%, 现金: 29.4%",0.4353943758464194,0.0,0.2702973667151296,0.0,0.0,0.294308257438451
1970,"股票: 43.5%, 债券: 0.0%, 基金: 27.0%, REITs: 0.0%, 大宗商品: 0.0%, 现金: 29.4%",0.4353943758464194,0.0,0.2702973667151296,0.0,0.0,0.294308257438451
1973,"股票: 43.5%, 债券: 0.0%, 基金: 27.0%, REITs: 0.0%, 大宗商品: 0.0%, 现金: 29.4%",0.4353943758464194,0.0,0.2702973667151296,0.0,0.0,0.294308257438451
1974,"股票: 43.5%, 债券: 0.0%, 基金: 27.0%, REITs: 0.0%, 大宗商品: 0.0%, 现金: 29.4%",0.4353943758464194,0.0,0.2702973667151296,0.0,0.0,0.294308257438451
1981,"股票: 43.5%, 债券: 0.0%, 基金: 27.0%, REITs: 0.0%, 大宗商品: 0.0%, 现金: 29.4%",0.4353943758464194,0.0,0.2702973667151296,0.0,0.0,0.294308257438451
1983,"股票: 43.5%, 债券: 0.0%, 基金: 27.0%, REITs: 0.0%, 大宗商品: 0.0%, 现金: 29.4%",0.43539437584641943,0.0,0.2702973667151296,0.0,0.0,0.294308257438451
1997,"股票: 43.5%, 债券: 0.0%, 基金: 27.0%, REITs: 0.0%, 大宗商品: 0.0%, 现金: 29.4%",0.4353943758464194,0.0,0.2702973667151296,0.0,0.0,0.294308257438451
