user_id,q_text,a_text,q_sentiment,a_sentiment
0,短线 交易 高频,短线 交易 高频,1,0
1,医药 消费 产业轮动,短线 交易 高频,0,1
2,AI 半导体 成长 风险承受高,短线 交易 高频,0,0
3,价值 投资 蓝筹 稳健 分红,价值 投资 蓝筹 稳健 分红,0,0
4,新能源 基金 长期 定投,短线 交易 高频,0,1
5,黄金 商品 抗通胀,黄金 商品 抗通胀,1,0
6,价值 投资 蓝筹 稳健 分红,短线 交易 高频,0,-1
7,海外 ETF 汇率 风险,AI 半导体 成长 风险承受高,-1,0
8,长期 持有 价值,债券 固收 低波动,0,0
9,长期 持有 价值,医药 消费 产业轮动,1,-1
10,长期 持有 价值,AI 半导体 成长 风险承受高,1,1
11,长期 持有 价值,AI 半导体 成长 风险承受高,0,1
12,价值 投资 蓝筹 稳健 分红,海外 ETF 汇率 风险,0,1
13,长期 持有 价值,短线 交易 高频,0,0
14,医药 消费 产业轮动,AI 半导体 成长 风险承受高,0,-1
15,长期 持有 价值,价值 投资 蓝筹 稳健 分红,-1,1
16,海外 ETF 汇率 风险,短线 交易 高频,1,1
17,黄金 商品 抗通胀,海外 ETF 汇率 风险,0,-1
18,价值 投资 蓝筹 稳健 分红,短线 交易 高频,1,-1
19,医药 消费 产业轮动,医药 消费 产业轮动,0,1
20,黄金 商品 抗通胀,新能源 基金 长期 定投,0,0
21,AI 半导体 成长 风险承受高,价值 投资 蓝筹 稳健 分红,1,0
22,长期 持有 价值,长期 持有 价值,0,-1
23,长期 持有 价值,黄金 商品 抗通胀,1,0
24,黄金 商品 抗通胀,AI 半导体 成长 风险承受高,0,-1
25,价值 投资 蓝筹 稳健 分红,医药 消费 产业轮动,-1,0
26,海外 ETF 汇率 风险,长期 持有 价值,-1,0
27,海外 ETF 汇率 风险,黄金 商品 抗通胀,1,-1
28,AI 半导体 成长 风险承受高,黄金 商品 抗通胀,0,-1
29,新能源 基金 长期 定投,短线 交易 高频,0,0
30,长期 持有 价值,新能源 基金 长期 定投,1,0
31,黄金 商品 抗通胀,短线 交易 高频,-1,1
32,AI 半导体 成长 风险承受高,黄金 商品 抗通胀,0,0
33,AI 半导体 成长 风险承受高,新能源 基金 长期 定投,-1,0
34,价值 投资 蓝筹 稳健 分红,新能源 基金 长期 定投,0,0
35,长期 持有 价值,长期 持有 价值,1,0
36,债券 固收 低波动,AI 半导体 成长 风险承受高,0,1
37,短线 交易 高频,价值 投资 蓝筹 稳健 分红,-1,0
38,AI 半导体 成长 风险承受高,新能源 基金 长期 定投,0,0
39,新能源 基金 长期 定投,黄金 商品 抗通胀,0,1
40,AI 半导体 成长 风险承受高,黄金 商品 抗通胀,-1,0
41,海外 ETF 汇率 风险,债券 固收 低波动,-1,-1
42,新能源 基金 长期 定投,长期 持有 价值,0,0
43,海外 ETF 汇率 风险,债券 固收 低波动,0,-1
44,新能源 基金 长期 定投,长期 持有 价值,0,1
45,黄金 商品 抗通胀,债券 固收 低波动,0,0
46,短线 交易 高频,新能源 基金 长期 定投,-1,0
47,长期 持有 价值,短线 交易 高频,0,1
48,AI 半导体 成长 风险承受高,短线 交易 高频,0,0
49,医药 消费 产业轮动,新能源 基金 长期 定投,1,1
50,AI 半导体 成长 风险承受高,AI 半导体 成长 风险承受高,0,1
51,海外 ETF 汇率 风险,新能源 基金 长期 定投,0,-1
52,短线 交易 高频,短线 交易 高频,0,0
53,价值 投资 蓝筹 稳健 分红,价值 投资 蓝筹 稳健 分红,-1,0
54,短线 交易 高频,海外 ETF 汇率 风险,0,0
55,短线 交易 高频,债券 固收 低波动,0,1
56,价值 投资 蓝筹 稳健 分红,债券 固收 低波动,1,1
57,长期 持有 价值,AI 半导体 成长 风险承受高,1,0
58,黄金 商品 抗通胀,新能源 基金 长期 定投,0,0
59,长期 持有 价值,新能源 基金 长期 定投,-1,0
60,债券 固收 低波动,债券 固收 低波动,0,0
61,黄金 商品 抗通胀,AI 半导体 成长 风险承受高,1,-1
62,医药 消费 产业轮动,AI 半导体 成长 风险承受高,-1,-1
63,AI 半导体 成长 风险承受高,债券 固收 低波动,0,1
64,医药 消费 产业轮动,短线 交易 高频,0,0
65,AI 半导体 成长 风险承受高,黄金 商品 抗通胀,1,0
66,海外 ETF 汇率 风险,医药 消费 产业轮动,1,0
67,医药 消费 产业轮动,AI 半导体 成长 风险承受高,0,1
68,新能源 基金 长期 定投,AI 半导体 成长 风险承受高,1,0
69,价值 投资 蓝筹 稳健 分红,长期 持有 价值,0,-1
70,短线 交易 高频,黄金 商品 抗通胀,1,1
71,AI 半导体 成长 风险承受高,新能源 基金 长期 定投,0,0
72,AI 半导体 成长 风险承受高,价值 投资 蓝筹 稳健 分红,1,1
73,海外 ETF 汇率 风险,长期 持有 价值,-1,1
74,新能源 基金 长期 定投,AI 半导体 成长 风险承受高,0,0
75,黄金 商品 抗通胀,长期 持有 价值,-1,0
76,新能源 基金 长期 定投,医药 消费 产业轮动,1,0
77,黄金 商品 抗通胀,新能源 基金 长期 定投,0,0
78,黄金 商品 抗通胀,价值 投资 蓝筹 稳健 分红,1,0
79,短线 交易 高频,债券 固收 低波动,-1,-1
80,AI 半导体 成长 风险承受高,新能源 基金 长期 定投,1,0
81,新能源 基金 长期 定投,医药 消费 产业轮动,1,0
82,新能源 基金 长期 定投,新能源 基金 长期 定投,-1,0
83,医药 消费 产业轮动,黄金 商品 抗通胀,1,0
84,短线 交易 高频,AI 半导体 成长 风险承受高,1,0
85,价值 投资 蓝筹 稳健 分红,价值 投资 蓝筹 稳健 分红,0,1
86,新能源 基金 长期 定投,海外 ETF 汇率 风险,0,1
87,短线 交易 高频,新能源 基金 长期 定投,-1,0
88,债券 固收 低波动,黄金 商品 抗通胀,-1,1
89,债券 固收 低波动,短线 交易 高频,-1,1
90,AI 半导体 成长 风险承受高,AI 半导体 成长 风险承受高,0,1
91,黄金 商品 抗通胀,短线 交易 高频,0,1
92,海外 ETF 汇率 风险,债券 固收 低波动,0,0
93,长期 持有 价值,黄金 商品 抗通胀,1,0
94,价值 投资 蓝筹 稳健 分红,医药 消费 产业轮动,1,1
95,AI 半导体 成长 风险承受高,新能源 基金 长期 定投,-1,0
96,新能源 基金 长期 定投,新能源 基金 长期 定投,-1,1
97,医药 消费 产业轮动,黄金 商品 抗通胀,0,0
98,长期 持有 价值,长期 持有 价值,0,0
99,黄金 商品 抗通胀,医药 消费 产业轮动,1,0
100,长期 持有 价值,黄金 商品 抗通胀,-1,0
101,债券 固收 低波动,债券 固收 低波动,0,0
102,医药 消费 产业轮动,长期 持有 价值,0,1
103,新能源 基金 长期 定投,债券 固收 低波动,0,1
104,短线 交易 高频,长期 持有 价值,0,1
105,黄金 商品 抗通胀,债券 固收 低波动,1,1
106,黄金 商品 抗通胀,长期 持有 价值,0,0
107,长期 持有 价值,黄金 商品 抗通胀,0,0
108,长期 持有 价值,海外 ETF 汇率 风险,1,0
109,AI 半导体 成长 风险承受高,海外 ETF 汇率 风险,0,-1
110,黄金 商品 抗通胀,价值 投资 蓝筹 稳健 分红,0,1
111,海外 ETF 汇率 风险,价值 投资 蓝筹 稳健 分红,1,0
112,短线 交易 高频,黄金 商品 抗通胀,0,-1
113,医药 消费 产业轮动,短线 交易 高频,-1,0
114,黄金 商品 抗通胀,价值 投资 蓝筹 稳健 分红,0,0
115,长期 持有 价值,价值 投资 蓝筹 稳健 分红,0,0
116,短线 交易 高频,黄金 商品 抗通胀,1,-1
117,短线 交易 高频,海外 ETF 汇率 风险,0,0
118,短线 交易 高频,海外 ETF 汇率 风险,0,0
119,债券 固收 低波动,医药 消费 产业轮动,1,0
120,新能源 基金 长期 定投,医药 消费 产业轮动,1,0
121,黄金 商品 抗通胀,医药 消费 产业轮动,0,0
122,债券 固收 低波动,短线 交易 高频,0,0
123,债券 固收 低波动,长期 持有 价值,0,1
124,医药 消费 产业轮动,黄金 商品 抗通胀,0,-1
125,短线 交易 高频,AI 半导体 成长 风险承受高,-1,1
126,新能源 基金 长期 定投,债券 固收 低波动,0,0
127,黄金 商品 抗通胀,AI 半导体 成长 风险承受高,-1,0
128,长期 持有 价值,新能源 基金 长期 定投,0,0
129,海外 ETF 汇率 风险,新能源 基金 长期 定投,0,1
130,医药 消费 产业轮动,医药 消费 产业轮动,0,0
131,债券 固收 低波动,医药 消费 产业轮动,1,0
132,短线 交易 高频,海外 ETF 汇率 风险,0,1
133,海外 ETF 汇率 风险,新能源 基金 长期 定投,0,1
134,长期 持有 价值,AI 半导体 成长 风险承受高,0,-1
135,短线 交易 高频,黄金 商品 抗通胀,0,0
136,价值 投资 蓝筹 稳健 分红,黄金 商品 抗通胀,0,0
137,短线 交易 高频,价值 投资 蓝筹 稳健 分红,-1,0
138,新能源 基金 长期 定投,短线 交易 高频,1,0
139,价值 投资 蓝筹 稳健 分红,黄金 商品 抗通胀,1,1
140,短线 交易 高频,债券 固收 低波动,1,-1
141,新能源 基金 长期 定投,AI 半导体 成长 风险承受高,1,0
142,价值 投资 蓝筹 稳健 分红,价值 投资 蓝筹 稳健 分红,1,1
143,长期 持有 价值,新能源 基金 长期 定投,1,-1
144,医药 消费 产业轮动,长期 持有 价值,0,1
145,长期 持有 价值,债券 固收 低波动,1,-1
146,AI 半导体 成长 风险承受高,短线 交易 高频,1,0
147,医药 消费 产业轮动,医药 消费 产业轮动,1,1
148,医药 消费 产业轮动,AI 半导体 成长 风险承受高,0,1
149,海外 ETF 汇率 风险,债券 固收 低波动,-1,1
150,海外 ETF 汇率 风险,AI 半导体 成长 风险承受高,0,-1
151,价值 投资 蓝筹 稳健 分红,医药 消费 产业轮动,-1,-1
152,价值 投资 蓝筹 稳健 分红,医药 消费 产业轮动,0,1
153,医药 消费 产业轮动,债券 固收 低波动,0,-1
154,债券 固收 低波动,黄金 商品 抗通胀,1,0
155,债券 固收 低波动,短线 交易 高频,1,0
156,医药 消费 产业轮动,黄金 商品 抗通胀,0,0
157,医药 消费 产业轮动,AI 半导体 成长 风险承受高,1,-1
158,长期 持有 价值,医药 消费 产业轮动,0,1
159,短线 交易 高频,短线 交易 高频,0,0
160,价值 投资 蓝筹 稳健 分红,短线 交易 高频,1,0
161,价值 投资 蓝筹 稳健 分红,海外 ETF 汇率 风险,-1,1
162,长期 持有 价值,医药 消费 产业轮动,1,1
163,长期 持有 价值,海外 ETF 汇率 风险,0,0
164,医药 消费 产业轮动,黄金 商品 抗通胀,0,1
165,价值 投资 蓝筹 稳健 分红,新能源 基金 长期 定投,-1,1
166,短线 交易 高频,黄金 商品 抗通胀,1,0
167,黄金 商品 抗通胀,短线 交易 高频,0,1
168,短线 交易 高频,价值 投资 蓝筹 稳健 分红,0,-1
169,海外 ETF 汇率 风险,医药 消费 产业轮动,1,1
170,医药 消费 产业轮动,债券 固收 低波动,0,-1
171,黄金 商品 抗通胀,黄金 商品 抗通胀,1,0
172,AI 半导体 成长 风险承受高,AI 半导体 成长 风险承受高,1,0
173,长期 持有 价值,AI 半导体 成长 风险承受高,0,-1
174,医药 消费 产业轮动,新能源 基金 长期 定投,1,0
175,医药 消费 产业轮动,海外 ETF 汇率 风险,-1,1
176,债券 固收 低波动,海外 ETF 汇率 风险,0,0
177,短线 交易 高频,医药 消费 产业轮动,1,1
178,新能源 基金 长期 定投,黄金 商品 抗通胀,-1,0
179,AI 半导体 成长 风险承受高,短线 交易 高频,1,0
180,黄金 商品 抗通胀,黄金 商品 抗通胀,1,0
181,海外 ETF 汇率 风险,长期 持有 价值,1,1
182,海外 ETF 汇率 风险,短线 交易 高频,-1,-1
183,AI 半导体 成长 风险承受高,长期 持有 价值,1,0
184,AI 半导体 成长 风险承受高,黄金 商品 抗通胀,1,0
185,新能源 基金 长期 定投,海外 ETF 汇率 风险,1,-1
186,新能源 基金 长期 定投,短线 交易 高频,1,-1
187,价值 投资 蓝筹 稳健 分红,短线 交易 高频,1,1
188,黄金 商品 抗通胀,新能源 基金 长期 定投,0,1
189,价值 投资 蓝筹 稳健 分红,医药 消费 产业轮动,0,0
190,AI 半导体 成长 风险承受高,价值 投资 蓝筹 稳健 分红,1,-1
191,长期 持有 价值,新能源 基金 长期 定投,1,1
192,AI 半导体 成长 风险承受高,债券 固收 低波动,1,0
193,长期 持有 价值,医药 消费 产业轮动,0,0
194,债券 固收 低波动,价值 投资 蓝筹 稳健 分红,1,-1
195,海外 ETF 汇率 风险,债券 固收 低波动,1,0
196,AI 半导体 成长 风险承受高,海外 ETF 汇率 风险,0,1
197,新能源 基金 长期 定投,医药 消费 产业轮动,0,0
198,医药 消费 产业轮动,长期 持有 价值,0,-1
199,黄金 商品 抗通胀,医药 消费 产业轮动,0,-1
200,短线 交易 高频,海外 ETF 汇率 风险,-1,-1
201,短线 交易 高频,AI 半导体 成长 风险承受高,0,1
202,债券 固收 低波动,短线 交易 高频,0,0
203,债券 固收 低波动,AI 半导体 成长 风险承受高,0,-1
204,黄金 商品 抗通胀,AI 半导体 成长 风险承受高,0,0
205,价值 投资 蓝筹 稳健 分红,短线 交易 高频,-1,1
206,海外 ETF 汇率 风险,医药 消费 产业轮动,0,1
207,价值 投资 蓝筹 稳健 分红,短线 交易 高频,1,0
208,短线 交易 高频,新能源 基金 长期 定投,0,-1
209,长期 持有 价值,价值 投资 蓝筹 稳健 分红,0,0
210,长期 持有 价值,AI 半导体 成长 风险承受高,0,-1
211,长期 持有 价值,海外 ETF 汇率 风险,-1,0
212,海外 ETF 汇率 风险,长期 持有 价值,0,0
213,新能源 基金 长期 定投,长期 持有 价值,0,1
214,海外 ETF 汇率 风险,长期 持有 价值,-1,1
215,黄金 商品 抗通胀,价值 投资 蓝筹 稳健 分红,1,0
216,短线 交易 高频,海外 ETF 汇率 风险,0,1
217,医药 消费 产业轮动,短线 交易 高频,-1,1
218,债券 固收 低波动,AI 半导体 成长 风险承受高,-1,1
219,长期 持有 价值,新能源 基金 长期 定投,1,1
220,短线 交易 高频,AI 半导体 成长 风险承受高,1,0
221,价值 投资 蓝筹 稳健 分红,价值 投资 蓝筹 稳健 分红,0,1
222,债券 固收 低波动,长期 持有 价值,0,0
223,短线 交易 高频,短线 交易 高频,1,1
224,医药 消费 产业轮动,债券 固收 低波动,-1,0
225,医药 消费 产业轮动,黄金 商品 抗通胀,1,1
226,黄金 商品 抗通胀,债券 固收 低波动,1,0
227,长期 持有 价值,AI 半导体 成长 风险承受高,1,0
228,债券 固收 低波动,AI 半导体 成长 风险承受高,0,-1
229,AI 半导体 成长 风险承受高,短线 交易 高频,0,0
230,黄金 商品 抗通胀,新能源 基金 长期 定投,0,1
231,债券 固收 低波动,新能源 基金 长期 定投,0,-1
232,债券 固收 低波动,短线 交易 高频,0,-1
233,长期 持有 价值,新能源 基金 长期 定投,0,-1
234,价值 投资 蓝筹 稳健 分红,医药 消费 产业轮动,1,1
235,AI 半导体 成长 风险承受高,短线 交易 高频,0,-1
236,医药 消费 产业轮动,价值 投资 蓝筹 稳健 分红,1,0
237,黄金 商品 抗通胀,长期 持有 价值,1,0
238,新能源 基金 长期 定投,短线 交易 高频,0,0
239,长期 持有 价值,海外 ETF 汇率 风险,1,1
240,新能源 基金 长期 定投,短线 交易 高频,-1,0
241,债券 固收 低波动,长期 持有 价值,0,0
242,长期 持有 价值,价值 投资 蓝筹 稳健 分红,0,-1
243,海外 ETF 汇率 风险,新能源 基金 长期 定投,-1,0
244,价值 投资 蓝筹 稳健 分红,医药 消费 产业轮动,1,1
245,债券 固收 低波动,黄金 商品 抗通胀,1,0
246,AI 半导体 成长 风险承受高,黄金 商品 抗通胀,0,0
247,价值 投资 蓝筹 稳健 分红,新能源 基金 长期 定投,0,-1
248,债券 固收 低波动,AI 半导体 成长 风险承受高,0,0
249,黄金 商品 抗通胀,长期 持有 价值,1,0
250,债券 固收 低波动,新能源 基金 长期 定投,1,0
251,黄金 商品 抗通胀,长期 持有 价值,1,0
252,债券 固收 低波动,短线 交易 高频,1,0
253,医药 消费 产业轮动,医药 消费 产业轮动,1,-1
254,海外 ETF 汇率 风险,AI 半导体 成长 风险承受高,0,0
255,债券 固收 低波动,黄金 商品 抗通胀,0,0
256,债券 固收 低波动,AI 半导体 成长 风险承受高,-1,0
257,医药 消费 产业轮动,价值 投资 蓝筹 稳健 分红,1,1
258,AI 半导体 成长 风险承受高,AI 半导体 成长 风险承受高,-1,0
259,长期 持有 价值,债券 固收 低波动,1,-1
260,长期 持有 价值,债券 固收 低波动,-1,1
261,医药 消费 产业轮动,黄金 商品 抗通胀,-1,1
262,海外 ETF 汇率 风险,海外 ETF 汇率 风险,-1,0
263,AI 半导体 成长 风险承受高,价值 投资 蓝筹 稳健 分红,-1,1
264,新能源 基金 长期 定投,短线 交易 高频,-1,-1
265,AI 半导体 成长 风险承受高,新能源 基金 长期 定投,0,0
266,黄金 商品 抗通胀,黄金 商品 抗通胀,0,1
267,黄金 商品 抗通胀,医药 消费 产业轮动,-1,0
268,新能源 基金 长期 定投,新能源 基金 长期 定投,1,0
269,新能源 基金 长期 定投,债券 固收 低波动,0,1
270,海外 ETF 汇率 风险,新能源 基金 长期 定投,0,0
271,短线 交易 高频,价值 投资 蓝筹 稳健 分红,0,0
272,债券 固收 低波动,海外 ETF 汇率 风险,0,1
273,短线 交易 高频,黄金 商品 抗通胀,0,1
274,短线 交易 高频,医药 消费 产业轮动,0,-1
275,黄金 商品 抗通胀,债券 固收 低波动,-1,0
276,价值 投资 蓝筹 稳健 分红,长期 持有 价值,-1,1
277,短线 交易 高频,价值 投资 蓝筹 稳健 分红,-1,0
278,AI 半导体 成长 风险承受高,短线 交易 高频,1,0
279,医药 消费 产业轮动,长期 持有 价值,1,0
280,新能源 基金 长期 定投,新能源 基金 长期 定投,0,1
281,价值 投资 蓝筹 稳健 分红,短线 交易 高频,1,0
282,AI 半导体 成长 风险承受高,医药 消费 产业轮动,0,0
283,短线 交易 高频,债券 固收 低波动,1,1
284,新能源 基金 长期 定投,医药 消费 产业轮动,1,0
285,新能源 基金 长期 定投,短线 交易 高频,-1,0
286,黄金 商品 抗通胀,价值 投资 蓝筹 稳健 分红,0,1
287,海外 ETF 汇率 风险,海外 ETF 汇率 风险,0,0
288,新能源 基金 长期 定投,新能源 基金 长期 定投,0,0
289,新能源 基金 长期 定投,海外 ETF 汇率 风险,0,1
290,长期 持有 价值,价值 投资 蓝筹 稳健 分红,0,0
291,黄金 商品 抗通胀,海外 ETF 汇率 风险,0,1
292,长期 持有 价值,长期 持有 价值,1,0
293,短线 交易 高频,黄金 商品 抗通胀,0,0
294,海外 ETF 汇率 风险,短线 交易 高频,-1,0
295,短线 交易 高频,AI 半导体 成长 风险承受高,0,1
296,新能源 基金 长期 定投,新能源 基金 长期 定投,-1,1
297,债券 固收 低波动,黄金 商品 抗通胀,-1,0
298,医药 消费 产业轮动,医药 消费 产业轮动,1,-1
299,AI 半导体 成长 风险承受高,黄金 商品 抗通胀,1,-1
300,长期 持有 价值,新能源 基金 长期 定投,0,1
301,黄金 商品 抗通胀,AI 半导体 成长 风险承受高,-1,-1
302,价值 投资 蓝筹 稳健 分红,海外 ETF 汇率 风险,0,0
303,新能源 基金 长期 定投,长期 持有 价值,-1,0
304,短线 交易 高频,AI 半导体 成长 风险承受高,-1,-1
305,债券 固收 低波动,海外 ETF 汇率 风险,-1,1
306,海外 ETF 汇率 风险,海外 ETF 汇率 风险,0,0
307,短线 交易 高频,AI 半导体 成长 风险承受高,-1,-1
308,AI 半导体 成长 风险承受高,债券 固收 低波动,1,-1
309,短线 交易 高频,债券 固收 低波动,0,0
310,海外 ETF 汇率 风险,AI 半导体 成长 风险承受高,-1,1
311,AI 半导体 成长 风险承受高,新能源 基金 长期 定投,0,0
312,医药 消费 产业轮动,AI 半导体 成长 风险承受高,-1,0
313,新能源 基金 长期 定投,AI 半导体 成长 风险承受高,0,1
314,短线 交易 高频,长期 持有 价值,0,0
315,海外 ETF 汇率 风险,黄金 商品 抗通胀,1,0
316,价值 投资 蓝筹 稳健 分红,黄金 商品 抗通胀,-1,1
317,海外 ETF 汇率 风险,AI 半导体 成长 风险承受高,0,0
318,新能源 基金 长期 定投,新能源 基金 长期 定投,0,0
319,黄金 商品 抗通胀,海外 ETF 汇率 风险,0,1
320,价值 投资 蓝筹 稳健 分红,黄金 商品 抗通胀,0,-1
321,债券 固收 低波动,黄金 商品 抗通胀,1,0
322,AI 半导体 成长 风险承受高,短线 交易 高频,1,0
323,海外 ETF 汇率 风险,价值 投资 蓝筹 稳健 分红,0,0
324,短线 交易 高频,医药 消费 产业轮动,1,-1
325,AI 半导体 成长 风险承受高,医药 消费 产业轮动,0,1
326,海外 ETF 汇率 风险,海外 ETF 汇率 风险,0,-1
327,海外 ETF 汇率 风险,海外 ETF 汇率 风险,1,0
328,短线 交易 高频,AI 半导体 成长 风险承受高,0,1
329,债券 固收 低波动,价值 投资 蓝筹 稳健 分红,0,0
330,黄金 商品 抗通胀,海外 ETF 汇率 风险,1,0
331,短线 交易 高频,短线 交易 高频,0,1
332,价值 投资 蓝筹 稳健 分红,AI 半导体 成长 风险承受高,1,0
333,长期 持有 价值,海外 ETF 汇率 风险,-1,0
334,AI 半导体 成长 风险承受高,AI 半导体 成长 风险承受高,0,0
335,医药 消费 产业轮动,短线 交易 高频,0,0
336,医药 消费 产业轮动,新能源 基金 长期 定投,1,0
337,AI 半导体 成长 风险承受高,新能源 基金 长期 定投,1,0
338,债券 固收 低波动,长期 持有 价值,0,1
339,债券 固收 低波动,新能源 基金 长期 定投,-1,0
340,AI 半导体 成长 风险承受高,新能源 基金 长期 定投,0,0
341,AI 半导体 成长 风险承受高,新能源 基金 长期 定投,0,1
342,债券 固收 低波动,AI 半导体 成长 风险承受高,-1,1
343,新能源 基金 长期 定投,AI 半导体 成长 风险承受高,1,-1
344,黄金 商品 抗通胀,医药 消费 产业轮动,-1,0
345,短线 交易 高频,海外 ETF 汇率 风险,0,0
346,短线 交易 高频,海外 ETF 汇率 风险,0,0
347,黄金 商品 抗通胀,长期 持有 价值,1,0
348,AI 半导体 成长 风险承受高,医药 消费 产业轮动,0,-1
349,黄金 商品 抗通胀,债券 固收 低波动,0,0
350,长期 持有 价值,短线 交易 高频,0,0
351,短线 交易 高频,短线 交易 高频,0,-1
352,债券 固收 低波动,短线 交易 高频,0,0
353,AI 半导体 成长 风险承受高,医药 消费 产业轮动,0,-1
354,海外 ETF 汇率 风险,价值 投资 蓝筹 稳健 分红,-1,1
355,短线 交易 高频,新能源 基金 长期 定投,1,0
356,债券 固收 低波动,医药 消费 产业轮动,1,-1
357,AI 半导体 成长 风险承受高,短线 交易 高频,1,0
358,海外 ETF 汇率 风险,短线 交易 高频,0,1
359,短线 交易 高频,长期 持有 价值,0,1
360,债券 固收 低波动,新能源 基金 长期 定投,0,1
361,价值 投资 蓝筹 稳健 分红,AI 半导体 成长 风险承受高,0,-1
362,AI 半导体 成长 风险承受高,AI 半导体 成长 风险承受高,0,0
363,医药 消费 产业轮动,债券 固收 低波动,0,0
364,短线 交易 高频,海外 ETF 汇率 风险,-1,0
365,长期 持有 价值,短线 交易 高频,0,0
366,海外 ETF 汇率 风险,短线 交易 高频,0,0
367,医药 消费 产业轮动,新能源 基金 长期 定投,-1,0
368,长期 持有 价值,债券 固收 低波动,0,1
369,短线 交易 高频,AI 半导体 成长 风险承受高,0,0
370,海外 ETF 汇率 风险,黄金 商品 抗通胀,0,0
371,短线 交易 高频,海外 ETF 汇率 风险,0,0
372,黄金 商品 抗通胀,短线 交易 高频,0,0
373,新能源 基金 长期 定投,短线 交易 高频,1,0
374,债券 固收 低波动,医药 消费 产业轮动,0,1
375,海外 ETF 汇率 风险,价值 投资 蓝筹 稳健 分红,0,-1
376,长期 持有 价值,黄金 商品 抗通胀,1,0
377,AI 半导体 成长 风险承受高,AI 半导体 成长 风险承受高,-1,1
378,短线 交易 高频,海外 ETF 汇率 风险,1,-1
379,短线 交易 高频,价值 投资 蓝筹 稳健 分红,0,-1
380,新能源 基金 长期 定投,黄金 商品 抗通胀,-1,0
381,AI 半导体 成长 风险承受高,新能源 基金 长期 定投,1,-1
382,债券 固收 低波动,债券 固收 低波动,0,0
383,AI 半导体 成长 风险承受高,海外 ETF 汇率 风险,1,0
384,长期 持有 价值,海外 ETF 汇率 风险,-1,0
385,黄金 商品 抗通胀,海外 ETF 汇率 风险,0,0
386,新能源 基金 长期 定投,新能源 基金 长期 定投,1,0
387,长期 持有 价值,短线 交易 高频,1,0
388,医药 消费 产业轮动,海外 ETF 汇率 风险,-1,1
389,短线 交易 高频,AI 半导体 成长 风险承受高,0,0
390,海外 ETF 汇率 风险,长期 持有 价值,-1,0
391,AI 半导体 成长 风险承受高,债券 固收 低波动,0,-1
392,债券 固收 低波动,债券 固收 低波动,0,-1
393,短线 交易 高频,债券 固收 低波动,0,-1
394,新能源 基金 长期 定投,价值 投资 蓝筹 稳健 分红,0,1
395,长期 持有 价值,长期 持有 价值,1,1
396,海外 ETF 汇率 风险,医药 消费 产业轮动,0,-1
397,价值 投资 蓝筹 稳健 分红,AI 半导体 成长 风险承受高,1,-1
398,海外 ETF 汇率 风险,短线 交易 高频,1,1
399,价值 投资 蓝筹 稳健 分红,短线 交易 高频,1,1
400,医药 消费 产业轮动,长期 持有 价值,1,-1
401,短线 交易 高频,医药 消费 产业轮动,0,-1
402,AI 半导体 成长 风险承受高,AI 半导体 成长 风险承受高,-1,1
403,价值 投资 蓝筹 稳健 分红,长期 持有 价值,1,0
404,长期 持有 价值,AI 半导体 成长 风险承受高,-1,-1
405,医药 消费 产业轮动,海外 ETF 汇率 风险,0,0
406,新能源 基金 长期 定投,海外 ETF 汇率 风险,1,0
407,黄金 商品 抗通胀,海外 ETF 汇率 风险,1,0
408,债券 固收 低波动,新能源 基金 长期 定投,1,1
409,AI 半导体 成长 风险承受高,短线 交易 高频,-1,1
410,新能源 基金 长期 定投,海外 ETF 汇率 风险,1,0
411,价值 投资 蓝筹 稳健 分红,黄金 商品 抗通胀,-1,0
412,价值 投资 蓝筹 稳健 分红,AI 半导体 成长 风险承受高,-1,0
413,债券 固收 低波动,黄金 商品 抗通胀,0,-1
414,AI 半导体 成长 风险承受高,黄金 商品 抗通胀,0,1
415,短线 交易 高频,黄金 商品 抗通胀,0,0
416,AI 半导体 成长 风险承受高,医药 消费 产业轮动,1,0
417,海外 ETF 汇率 风险,海外 ETF 汇率 风险,1,1
418,长期 持有 价值,长期 持有 价值,1,1
419,长期 持有 价值,债券 固收 低波动,0,-1
420,AI 半导体 成长 风险承受高,长期 持有 价值,0,0
421,短线 交易 高频,价值 投资 蓝筹 稳健 分红,0,0
422,医药 消费 产业轮动,短线 交易 高频,0,0
423,长期 持有 价值,价值 投资 蓝筹 稳健 分红,1,-1
424,长期 持有 价值,黄金 商品 抗通胀,0,0
425,长期 持有 价值,新能源 基金 长期 定投,0,0
426,医药 消费 产业轮动,债券 固收 低波动,0,-1
427,价值 投资 蓝筹 稳健 分红,价值 投资 蓝筹 稳健 分红,-1,0
428,AI 半导体 成长 风险承受高,短线 交易 高频,0,0
429,价值 投资 蓝筹 稳健 分红,长期 持有 价值,1,-1
430,黄金 商品 抗通胀,新能源 基金 长期 定投,0,1
431,AI 半导体 成长 风险承受高,医药 消费 产业轮动,-1,-1
432,AI 半导体 成长 风险承受高,债券 固收 低波动,0,-1
433,医药 消费 产业轮动,医药 消费 产业轮动,0,0
434,海外 ETF 汇率 风险,医药 消费 产业轮动,0,0
435,短线 交易 高频,长期 持有 价值,0,1
436,海外 ETF 汇率 风险,新能源 基金 长期 定投,1,0
437,价值 投资 蓝筹 稳健 分红,债券 固收 低波动,-1,1
438,新能源 基金 长期 定投,债券 固收 低波动,0,1
439,短线 交易 高频,AI 半导体 成长 风险承受高,-1,0
440,价值 投资 蓝筹 稳健 分红,医药 消费 产业轮动,0,-1
441,债券 固收 低波动,新能源 基金 长期 定投,0,0
442,海外 ETF 汇率 风险,债券 固收 低波动,1,0
443,短线 交易 高频,债券 固收 低波动,0,0
444,AI 半导体 成长 风险承受高,海外 ETF 汇率 风险,1,1
445,新能源 基金 长期 定投,新能源 基金 长期 定投,1,-1
446,债券 固收 低波动,黄金 商品 抗通胀,1,1
447,长期 持有 价值,新能源 基金 长期 定投,0,0
448,医药 消费 产业轮动,新能源 基金 长期 定投,1,0
449,短线 交易 高频,新能源 基金 长期 定投,0,-1
450,海外 ETF 汇率 风险,海外 ETF 汇率 风险,0,0
451,海外 ETF 汇率 风险,新能源 基金 长期 定投,1,-1
452,长期 持有 价值,短线 交易 高频,-1,-1
453,债券 固收 低波动,AI 半导体 成长 风险承受高,0,-1
454,长期 持有 价值,价值 投资 蓝筹 稳健 分红,1,0
455,海外 ETF 汇率 风险,债券 固收 低波动,0,0
456,债券 固收 低波动,债券 固收 低波动,0,1
457,海外 ETF 汇率 风险,债券 固收 低波动,1,1
458,债券 固收 低波动,长期 持有 价值,1,0
459,海外 ETF 汇率 风险,新能源 基金 长期 定投,-1,1
460,海外 ETF 汇率 风险,医药 消费 产业轮动,-1,0
461,黄金 商品 抗通胀,长期 持有 价值,1,0
462,海外 ETF 汇率 风险,长期 持有 价值,-1,-1
463,AI 半导体 成长 风险承受高,债券 固收 低波动,0,0
464,医药 消费 产业轮动,债券 固收 低波动,0,0
465,新能源 基金 长期 定投,新能源 基金 长期 定投,1,1
466,短线 交易 高频,海外 ETF 汇率 风险,0,1
467,新能源 基金 长期 定投,长期 持有 价值,-1,0
468,海外 ETF 汇率 风险,黄金 商品 抗通胀,1,-1
469,AI 半导体 成长 风险承受高,黄金 商品 抗通胀,1,1
470,新能源 基金 长期 定投,医药 消费 产业轮动,-1,1
471,价值 投资 蓝筹 稳健 分红,价值 投资 蓝筹 稳健 分红,-1,1
472,新能源 基金 长期 定投,黄金 商品 抗通胀,1,1
473,医药 消费 产业轮动,医药 消费 产业轮动,1,-1
474,短线 交易 高频,黄金 商品 抗通胀,0,0
475,新能源 基金 长期 定投,长期 持有 价值,1,1
476,债券 固收 低波动,黄金 商品 抗通胀,1,-1
477,债券 固收 低波动,短线 交易 高频,1,0
478,短线 交易 高频,医药 消费 产业轮动,1,0
479,短线 交易 高频,债券 固收 低波动,1,0
480,医药 消费 产业轮动,AI 半导体 成长 风险承受高,0,0
481,AI 半导体 成长 风险承受高,新能源 基金 长期 定投,0,1
482,长期 持有 价值,新能源 基金 长期 定投,1,-1
483,长期 持有 价值,债券 固收 低波动,0,1
484,AI 半导体 成长 风险承受高,短线 交易 高频,0,-1
485,海外 ETF 汇率 风险,新能源 基金 长期 定投,0,1
486,价值 投资 蓝筹 稳健 分红,债券 固收 低波动,1,1
487,AI 半导体 成长 风险承受高,医药 消费 产业轮动,0,-1
488,价值 投资 蓝筹 稳健 分红,海外 ETF 汇率 风险,1,0
489,短线 交易 高频,债券 固收 低波动,0,0
490,医药 消费 产业轮动,债券 固收 低波动,0,0
491,医药 消费 产业轮动,AI 半导体 成长 风险承受高,1,1
492,短线 交易 高频,短线 交易 高频,1,1
493,债券 固收 低波动,医药 消费 产业轮动,1,0
494,医药 消费 产业轮动,新能源 基金 长期 定投,-1,-1
495,价值 投资 蓝筹 稳健 分红,黄金 商品 抗通胀,1,-1
496,价值 投资 蓝筹 稳健 分红,价值 投资 蓝筹 稳健 分红,0,-1
497,医药 消费 产业轮动,价值 投资 蓝筹 稳健 分红,0,1
498,医药 消费 产业轮动,AI 半导体 成长 风险承受高,1,-1
499,AI 半导体 成长 风险承受高,AI 半导体 成长 风险承受高,0,0
500,价值 投资 蓝筹 稳健 分红,债券 固收 低波动,-1,0
501,海外 ETF 汇率 风险,债券 固收 低波动,0,1
502,海外 ETF 汇率 风险,海外 ETF 汇率 风险,0,0
503,黄金 商品 抗通胀,海外 ETF 汇率 风险,1,0
504,医药 消费 产业轮动,AI 半导体 成长 风险承受高,0,1
505,短线 交易 高频,医药 消费 产业轮动,1,0
506,价值 投资 蓝筹 稳健 分红,医药 消费 产业轮动,0,1
507,短线 交易 高频,长期 持有 价值,-1,-1
508,海外 ETF 汇率 风险,价值 投资 蓝筹 稳健 分红,0,1
509,债券 固收 低波动,医药 消费 产业轮动,-1,0
510,AI 半导体 成长 风险承受高,医药 消费 产业轮动,0,1
511,新能源 基金 长期 定投,价值 投资 蓝筹 稳健 分红,0,0
512,医药 消费 产业轮动,海外 ETF 汇率 风险,0,1
513,长期 持有 价值,新能源 基金 长期 定投,0,0
514,AI 半导体 成长 风险承受高,新能源 基金 长期 定投,-1,0
515,医药 消费 产业轮动,债券 固收 低波动,1,0
516,海外 ETF 汇率 风险,价值 投资 蓝筹 稳健 分红,0,1
517,长期 持有 价值,黄金 商品 抗通胀,0,-1
518,AI 半导体 成长 风险承受高,AI 半导体 成长 风险承受高,0,0
519,长期 持有 价值,黄金 商品 抗通胀,-1,-1
520,海外 ETF 汇率 风险,长期 持有 价值,-1,0
521,医药 消费 产业轮动,新能源 基金 长期 定投,0,0
522,长期 持有 价值,长期 持有 价值,0,1
523,医药 消费 产业轮动,黄金 商品 抗通胀,-1,-1
524,海外 ETF 汇率 风险,新能源 基金 长期 定投,0,-1
525,价值 投资 蓝筹 稳健 分红,AI 半导体 成长 风险承受高,1,1
526,长期 持有 价值,AI 半导体 成长 风险承受高,0,0
527,海外 ETF 汇率 风险,短线 交易 高频,0,0
528,短线 交易 高频,新能源 基金 长期 定投,0,0
529,长期 持有 价值,债券 固收 低波动,1,1
530,AI 半导体 成长 风险承受高,海外 ETF 汇率 风险,-1,1
531,短线 交易 高频,价值 投资 蓝筹 稳健 分红,0,0
532,价值 投资 蓝筹 稳健 分红,AI 半导体 成长 风险承受高,0,-1
533,新能源 基金 长期 定投,短线 交易 高频,0,0
534,价值 投资 蓝筹 稳健 分红,长期 持有 价值,1,-1
535,黄金 商品 抗通胀,债券 固收 低波动,-1,1
536,黄金 商品 抗通胀,新能源 基金 长期 定投,-1,-1
537,债券 固收 低波动,黄金 商品 抗通胀,0,0
538,短线 交易 高频,医药 消费 产业轮动,0,1
539,海外 ETF 汇率 风险,长期 持有 价值,0,0
540,长期 持有 价值,海外 ETF 汇率 风险,1,0
541,长期 持有 价值,黄金 商品 抗通胀,0,-1
542,医药 消费 产业轮动,黄金 商品 抗通胀,0,-1
543,海外 ETF 汇率 风险,AI 半导体 成长 风险承受高,1,0
544,黄金 商品 抗通胀,债券 固收 低波动,0,1
545,医药 消费 产业轮动,新能源 基金 长期 定投,1,0
546,海外 ETF 汇率 风险,债券 固收 低波动,0,1
547,海外 ETF 汇率 风险,海外 ETF 汇率 风险,1,0
548,AI 半导体 成长 风险承受高,债券 固收 低波动,0,0
549,黄金 商品 抗通胀,价值 投资 蓝筹 稳健 分红,1,1
550,新能源 基金 长期 定投,长期 持有 价值,0,0
551,黄金 商品 抗通胀,黄金 商品 抗通胀,0,1
552,医药 消费 产业轮动,新能源 基金 长期 定投,0,0
553,AI 半导体 成长 风险承受高,短线 交易 高频,0,0
554,黄金 商品 抗通胀,黄金 商品 抗通胀,-1,1
555,长期 持有 价值,价值 投资 蓝筹 稳健 分红,0,0
556,新能源 基金 长期 定投,海外 ETF 汇率 风险,0,-1
557,海外 ETF 汇率 风险,价值 投资 蓝筹 稳健 分红,0,0
558,债券 固收 低波动,海外 ETF 汇率 风险,0,0
559,短线 交易 高频,AI 半导体 成长 风险承受高,-1,1
560,价值 投资 蓝筹 稳健 分红,黄金 商品 抗通胀,-1,1
561,新能源 基金 长期 定投,长期 持有 价值,-1,1
562,海外 ETF 汇率 风险,长期 持有 价值,1,-1
563,黄金 商品 抗通胀,医药 消费 产业轮动,0,-1
564,医药 消费 产业轮动,海外 ETF 汇率 风险,-1,-1
565,价值 投资 蓝筹 稳健 分红,海外 ETF 汇率 风险,0,1
566,价值 投资 蓝筹 稳健 分红,短线 交易 高频,0,1
567,短线 交易 高频,黄金 商品 抗通胀,0,0
568,海外 ETF 汇率 风险,医药 消费 产业轮动,1,1
569,新能源 基金 长期 定投,债券 固收 低波动,1,1
570,新能源 基金 长期 定投,短线 交易 高频,0,0
571,海外 ETF 汇率 风险,黄金 商品 抗通胀,1,0
572,黄金 商品 抗通胀,医药 消费 产业轮动,1,1
573,长期 持有 价值,黄金 商品 抗通胀,1,0
574,长期 持有 价值,新能源 基金 长期 定投,-1,0
575,长期 持有 价值,长期 持有 价值,0,0
576,AI 半导体 成长 风险承受高,海外 ETF 汇率 风险,-1,0
577,医药 消费 产业轮动,长期 持有 价值,1,0
578,新能源 基金 长期 定投,价值 投资 蓝筹 稳健 分红,0,-1
579,AI 半导体 成长 风险承受高,新能源 基金 长期 定投,0,-1
580,短线 交易 高频,海外 ETF 汇率 风险,0,1
581,医药 消费 产业轮动,黄金 商品 抗通胀,-1,1
582,黄金 商品 抗通胀,黄金 商品 抗通胀,0,-1
583,短线 交易 高频,新能源 基金 长期 定投,0,-1
584,医药 消费 产业轮动,新能源 基金 长期 定投,0,1
585,医药 消费 产业轮动,黄金 商品 抗通胀,0,0
586,海外 ETF 汇率 风险,海外 ETF 汇率 风险,-1,1
587,价值 投资 蓝筹 稳健 分红,黄金 商品 抗通胀,0,0
588,医药 消费 产业轮动,医药 消费 产业轮动,1,-1
589,债券 固收 低波动,新能源 基金 长期 定投,0,-1
590,医药 消费 产业轮动,AI 半导体 成长 风险承受高,-1,0
591,AI 半导体 成长 风险承受高,海外 ETF 汇率 风险,0,0
592,债券 固收 低波动,黄金 商品 抗通胀,0,1
593,长期 持有 价值,医药 消费 产业轮动,0,0
594,长期 持有 价值,价值 投资 蓝筹 稳健 分红,0,-1
595,短线 交易 高频,医药 消费 产业轮动,1,0
596,海外 ETF 汇率 风险,海外 ETF 汇率 风险,1,0
597,AI 半导体 成长 风险承受高,长期 持有 价值,1,1
598,价值 投资 蓝筹 稳健 分红,长期 持有 价值,1,1
599,短线 交易 高频,黄金 商品 抗通胀,0,0
600,价值 投资 蓝筹 稳健 分红,医药 消费 产业轮动,-1,1
601,医药 消费 产业轮动,短线 交易 高频,0,0
602,长期 持有 价值,债券 固收 低波动,1,-1
603,债券 固收 低波动,海外 ETF 汇率 风险,0,1
604,黄金 商品 抗通胀,价值 投资 蓝筹 稳健 分红,1,0
605,新能源 基金 长期 定投,长期 持有 价值,0,1
606,新能源 基金 长期 定投,新能源 基金 长期 定投,0,-1
607,海外 ETF 汇率 风险,价值 投资 蓝筹 稳健 分红,0,0
608,价值 投资 蓝筹 稳健 分红,长期 持有 价值,0,1
609,黄金 商品 抗通胀,短线 交易 高频,1,1
610,短线 交易 高频,医药 消费 产业轮动,0,0
611,债券 固收 低波动,海外 ETF 汇率 风险,0,1
612,债券 固收 低波动,海外 ETF 汇率 风险,0,0
613,AI 半导体 成长 风险承受高,黄金 商品 抗通胀,1,0
614,短线 交易 高频,新能源 基金 长期 定投,1,0
615,价值 投资 蓝筹 稳健 分红,医药 消费 产业轮动,-1,-1
616,债券 固收 低波动,短线 交易 高频,0,-1
617,AI 半导体 成长 风险承受高,海外 ETF 汇率 风险,0,1
618,债券 固收 低波动,债券 固收 低波动,1,0
619,价值 投资 蓝筹 稳健 分红,价值 投资 蓝筹 稳健 分红,-1,1
620,长期 持有 价值,AI 半导体 成长 风险承受高,1,0
621,黄金 商品 抗通胀,AI 半导体 成长 风险承受高,0,0
622,医药 消费 产业轮动,长期 持有 价值,1,-1
623,AI 半导体 成长 风险承受高,价值 投资 蓝筹 稳健 分红,0,0
624,价值 投资 蓝筹 稳健 分红,黄金 商品 抗通胀,1,1
625,短线 交易 高频,医药 消费 产业轮动,-1,0
626,债券 固收 低波动,短线 交易 高频,1,-1
627,新能源 基金 长期 定投,海外 ETF 汇率 风险,-1,0
628,海外 ETF 汇率 风险,医药 消费 产业轮动,1,-1
629,海外 ETF 汇率 风险,债券 固收 低波动,0,1
630,海外 ETF 汇率 风险,债券 固收 低波动,1,1
631,医药 消费 产业轮动,价值 投资 蓝筹 稳健 分红,0,0
632,价值 投资 蓝筹 稳健 分红,债券 固收 低波动,0,0
633,价值 投资 蓝筹 稳健 分红,价值 投资 蓝筹 稳健 分红,0,0
634,短线 交易 高频,长期 持有 价值,-1,1
635,长期 持有 价值,海外 ETF 汇率 风险,0,0
636,AI 半导体 成长 风险承受高,海外 ETF 汇率 风险,0,-1
637,短线 交易 高频,AI 半导体 成长 风险承受高,1,0
638,新能源 基金 长期 定投,黄金 商品 抗通胀,1,1
639,海外 ETF 汇率 风险,海外 ETF 汇率 风险,1,0
640,长期 持有 价值,长期 持有 价值,-1,-1
641,新能源 基金 长期 定投,短线 交易 高频,-1,0
642,AI 半导体 成长 风险承受高,AI 半导体 成长 风险承受高,1,-1
643,AI 半导体 成长 风险承受高,医药 消费 产业轮动,1,1
644,黄金 商品 抗通胀,债券 固收 低波动,-1,0
645,价值 投资 蓝筹 稳健 分红,短线 交易 高频,-1,0
646,价值 投资 蓝筹 稳健 分红,新能源 基金 长期 定投,-1,0
647,医药 消费 产业轮动,黄金 商品 抗通胀,0,1
648,医药 消费 产业轮动,债券 固收 低波动,1,0
649,短线 交易 高频,长期 持有 价值,1,1
650,长期 持有 价值,债券 固收 低波动,1,1
651,债券 固收 低波动,长期 持有 价值,0,-1
652,AI 半导体 成长 风险承受高,价值 投资 蓝筹 稳健 分红,0,-1
653,医药 消费 产业轮动,海外 ETF 汇率 风险,0,0
654,长期 持有 价值,债券 固收 低波动,0,1
655,医药 消费 产业轮动,价值 投资 蓝筹 稳健 分红,1,0
656,医药 消费 产业轮动,债券 固收 低波动,1,1
657,AI 半导体 成长 风险承受高,短线 交易 高频,-1,0
658,医药 消费 产业轮动,黄金 商品 抗通胀,1,0
659,医药 消费 产业轮动,AI 半导体 成长 风险承受高,-1,0
660,医药 消费 产业轮动,医药 消费 产业轮动,1,-1
661,短线 交易 高频,长期 持有 价值,-1,1
662,AI 半导体 成长 风险承受高,价值 投资 蓝筹 稳健 分红,0,0
663,价值 投资 蓝筹 稳健 分红,价值 投资 蓝筹 稳健 分红,-1,0
664,黄金 商品 抗通胀,医药 消费 产业轮动,0,0
665,新能源 基金 长期 定投,价值 投资 蓝筹 稳健 分红,0,0
666,债券 固收 低波动,医药 消费 产业轮动,1,1
667,价值 投资 蓝筹 稳健 分红,短线 交易 高频,-1,-1
668,医药 消费 产业轮动,医药 消费 产业轮动,-1,1
669,黄金 商品 抗通胀,医药 消费 产业轮动,-1,0
670,债券 固收 低波动,债券 固收 低波动,0,0
671,新能源 基金 长期 定投,新能源 基金 长期 定投,0,0
672,医药 消费 产业轮动,长期 持有 价值,0,0
673,短线 交易 高频,AI 半导体 成长 风险承受高,0,0
674,海外 ETF 汇率 风险,医药 消费 产业轮动,0,0
675,价值 投资 蓝筹 稳健 分红,AI 半导体 成长 风险承受高,1,1
676,AI 半导体 成长 风险承受高,黄金 商品 抗通胀,1,0
677,短线 交易 高频,医药 消费 产业轮动,0,0
678,海外 ETF 汇率 风险,黄金 商品 抗通胀,0,1
679,价值 投资 蓝筹 稳健 分红,AI 半导体 成长 风险承受高,-1,0
680,长期 持有 价值,医药 消费 产业轮动,0,0
681,长期 持有 价值,新能源 基金 长期 定投,0,1
682,价值 投资 蓝筹 稳健 分红,债券 固收 低波动,1,0
683,债券 固收 低波动,新能源 基金 长期 定投,0,1
684,债券 固收 低波动,医药 消费 产业轮动,0,-1
685,黄金 商品 抗通胀,医药 消费 产业轮动,0,1
686,医药 消费 产业轮动,AI 半导体 成长 风险承受高,1,0
687,医药 消费 产业轮动,黄金 商品 抗通胀,0,0
688,长期 持有 价值,AI 半导体 成长 风险承受高,-1,-1
689,黄金 商品 抗通胀,AI 半导体 成长 风险承受高,0,1
690,AI 半导体 成长 风险承受高,新能源 基金 长期 定投,0,0
691,短线 交易 高频,海外 ETF 汇率 风险,1,1
692,长期 持有 价值,债券 固收 低波动,1,1
693,AI 半导体 成长 风险承受高,医药 消费 产业轮动,1,0
694,黄金 商品 抗通胀,医药 消费 产业轮动,0,-1
695,黄金 商品 抗通胀,价值 投资 蓝筹 稳健 分红,0,1
696,黄金 商品 抗通胀,AI 半导体 成长 风险承受高,0,1
697,AI 半导体 成长 风险承受高,债券 固收 低波动,0,0
698,新能源 基金 长期 定投,黄金 商品 抗通胀,0,0
699,价值 投资 蓝筹 稳健 分红,价值 投资 蓝筹 稳健 分红,-1,0
700,长期 持有 价值,新能源 基金 长期 定投,-1,1
701,债券 固收 低波动,新能源 基金 长期 定投,0,0
702,长期 持有 价值,债券 固收 低波动,0,0
703,AI 半导体 成长 风险承受高,黄金 商品 抗通胀,0,-1
704,债券 固收 低波动,价值 投资 蓝筹 稳健 分红,0,0
705,新能源 基金 长期 定投,新能源 基金 长期 定投,0,0
706,黄金 商品 抗通胀,短线 交易 高频,0,0
707,债券 固收 低波动,AI 半导体 成长 风险承受高,0,1
708,新能源 基金 长期 定投,新能源 基金 长期 定投,1,0
709,医药 消费 产业轮动,黄金 商品 抗通胀,1,-1
710,医药 消费 产业轮动,短线 交易 高频,0,0
711,海外 ETF 汇率 风险,债券 固收 低波动,0,0
712,长期 持有 价值,海外 ETF 汇率 风险,1,0
713,海外 ETF 汇率 风险,医药 消费 产业轮动,1,-1
714,新能源 基金 长期 定投,价值 投资 蓝筹 稳健 分红,-1,0
715,黄金 商品 抗通胀,价值 投资 蓝筹 稳健 分红,0,1
716,海外 ETF 汇率 风险,新能源 基金 长期 定投,1,1
717,债券 固收 低波动,AI 半导体 成长 风险承受高,0,0
718,新能源 基金 长期 定投,长期 持有 价值,1,1
719,新能源 基金 长期 定投,AI 半导体 成长 风险承受高,0,-1
720,海外 ETF 汇率 风险,海外 ETF 汇率 风险,1,0
721,债券 固收 低波动,医药 消费 产业轮动,0,1
722,短线 交易 高频,新能源 基金 长期 定投,1,1
723,黄金 商品 抗通胀,短线 交易 高频,0,1
724,海外 ETF 汇率 风险,黄金 商品 抗通胀,1,-1
725,新能源 基金 长期 定投,黄金 商品 抗通胀,1,0
726,新能源 基金 长期 定投,海外 ETF 汇率 风险,1,0
727,海外 ETF 汇率 风险,新能源 基金 长期 定投,-1,1
728,价值 投资 蓝筹 稳健 分红,价值 投资 蓝筹 稳健 分红,-1,0
729,价值 投资 蓝筹 稳健 分红,债券 固收 低波动,1,0
730,价值 投资 蓝筹 稳健 分红,长期 持有 价值,-1,0
731,价值 投资 蓝筹 稳健 分红,医药 消费 产业轮动,0,-1
732,黄金 商品 抗通胀,医药 消费 产业轮动,1,1
733,短线 交易 高频,医药 消费 产业轮动,0,-1
734,价值 投资 蓝筹 稳健 分红,新能源 基金 长期 定投,-1,1
735,海外 ETF 汇率 风险,价值 投资 蓝筹 稳健 分红,1,-1
736,短线 交易 高频,医药 消费 产业轮动,0,1
737,短线 交易 高频,债券 固收 低波动,1,0
738,黄金 商品 抗通胀,债券 固收 低波动,1,1
739,医药 消费 产业轮动,海外 ETF 汇率 风险,1,-1
740,AI 半导体 成长 风险承受高,债券 固收 低波动,0,0
741,海外 ETF 汇率 风险,短线 交易 高频,0,0
742,债券 固收 低波动,新能源 基金 长期 定投,0,0
743,海外 ETF 汇率 风险,价值 投资 蓝筹 稳健 分红,0,0
744,新能源 基金 长期 定投,医药 消费 产业轮动,0,-1
745,海外 ETF 汇率 风险,长期 持有 价值,0,-1
746,海外 ETF 汇率 风险,黄金 商品 抗通胀,1,0
747,新能源 基金 长期 定投,债券 固收 低波动,-1,1
748,海外 ETF 汇率 风险,价值 投资 蓝筹 稳健 分红,0,0
749,价值 投资 蓝筹 稳健 分红,短线 交易 高频,0,1
750,债券 固收 低波动,短线 交易 高频,-1,-1
751,医药 消费 产业轮动,AI 半导体 成长 风险承受高,0,0
752,海外 ETF 汇率 风险,长期 持有 价值,0,0
753,海外 ETF 汇率 风险,价值 投资 蓝筹 稳健 分红,-1,0
754,医药 消费 产业轮动,AI 半导体 成长 风险承受高,0,0
755,黄金 商品 抗通胀,黄金 商品 抗通胀,1,1
756,海外 ETF 汇率 风险,长期 持有 价值,1,0
757,新能源 基金 长期 定投,价值 投资 蓝筹 稳健 分红,0,1
758,债券 固收 低波动,债券 固收 低波动,0,0
759,长期 持有 价值,AI 半导体 成长 风险承受高,1,0
760,价值 投资 蓝筹 稳健 分红,医药 消费 产业轮动,-1,0
761,债券 固收 低波动,长期 持有 价值,0,1
762,黄金 商品 抗通胀,债券 固收 低波动,0,0
763,价值 投资 蓝筹 稳健 分红,债券 固收 低波动,0,0
764,医药 消费 产业轮动,新能源 基金 长期 定投,0,0
765,AI 半导体 成长 风险承受高,黄金 商品 抗通胀,-1,0
766,海外 ETF 汇率 风险,价值 投资 蓝筹 稳健 分红,-1,0
767,海外 ETF 汇率 风险,长期 持有 价值,-1,1
768,海外 ETF 汇率 风险,债券 固收 低波动,0,-1
769,AI 半导体 成长 风险承受高,价值 投资 蓝筹 稳健 分红,0,-1
770,价值 投资 蓝筹 稳健 分红,新能源 基金 长期 定投,0,0
771,黄金 商品 抗通胀,医药 消费 产业轮动,-1,0
772,短线 交易 高频,短线 交易 高频,0,-1
773,AI 半导体 成长 风险承受高,黄金 商品 抗通胀,-1,1
774,新能源 基金 长期 定投,价值 投资 蓝筹 稳健 分红,1,0
775,价值 投资 蓝筹 稳健 分红,长期 持有 价值,0,1
776,新能源 基金 长期 定投,短线 交易 高频,0,1
777,医药 消费 产业轮动,价值 投资 蓝筹 稳健 分红,0,0
778,医药 消费 产业轮动,债券 固收 低波动,0,1
779,债券 固收 低波动,AI 半导体 成长 风险承受高,-1,-1
780,长期 持有 价值,AI 半导体 成长 风险承受高,1,0
781,海外 ETF 汇率 风险,AI 半导体 成长 风险承受高,0,0
782,长期 持有 价值,长期 持有 价值,-1,0
783,债券 固收 低波动,新能源 基金 长期 定投,0,1
784,债券 固收 低波动,价值 投资 蓝筹 稳健 分红,-1,0
785,海外 ETF 汇率 风险,短线 交易 高频,1,-1
786,新能源 基金 长期 定投,黄金 商品 抗通胀,1,1
787,新能源 基金 长期 定投,黄金 商品 抗通胀,1,0
788,黄金 商品 抗通胀,海外 ETF 汇率 风险,0,0
789,新能源 基金 长期 定投,价值 投资 蓝筹 稳健 分红,-1,0
790,短线 交易 高频,AI 半导体 成长 风险承受高,1,1
791,新能源 基金 长期 定投,新能源 基金 长期 定投,0,0
792,债券 固收 低波动,黄金 商品 抗通胀,0,0
793,新能源 基金 长期 定投,债券 固收 低波动,1,0
794,黄金 商品 抗通胀,AI 半导体 成长 风险承受高,1,0
795,债券 固收 低波动,债券 固收 低波动,0,1
796,短线 交易 高频,债券 固收 低波动,0,1
797,短线 交易 高频,黄金 商品 抗通胀,1,-1
798,海外 ETF 汇率 风险,医药 消费 产业轮动,1,1
799,海外 ETF 汇率 风险,短线 交易 高频,0,0
800,债券 固收 低波动,医药 消费 产业轮动,0,-1
801,短线 交易 高频,长期 持有 价值,0,-1
802,黄金 商品 抗通胀,长期 持有 价值,0,0
803,医药 消费 产业轮动,债券 固收 低波动,1,1
804,价值 投资 蓝筹 稳健 分红,黄金 商品 抗通胀,1,1
805,医药 消费 产业轮动,新能源 基金 长期 定投,0,-1
806,新能源 基金 长期 定投,长期 持有 价值,1,0
807,债券 固收 低波动,短线 交易 高频,-1,1
808,黄金 商品 抗通胀,长期 持有 价值,0,0
809,长期 持有 价值,新能源 基金 长期 定投,0,-1
810,海外 ETF 汇率 风险,价值 投资 蓝筹 稳健 分红,1,0
811,海外 ETF 汇率 风险,长期 持有 价值,-1,0
812,新能源 基金 长期 定投,新能源 基金 长期 定投,0,0
813,债券 固收 低波动,医药 消费 产业轮动,0,1
814,债券 固收 低波动,医药 消费 产业轮动,0,0
815,短线 交易 高频,海外 ETF 汇率 风险,0,-1
816,黄金 商品 抗通胀,短线 交易 高频,0,0
817,长期 持有 价值,长期 持有 价值,0,1
818,AI 半导体 成长 风险承受高,AI 半导体 成长 风险承受高,1,0
819,债券 固收 低波动,短线 交易 高频,0,0
820,海外 ETF 汇率 风险,新能源 基金 长期 定投,1,1
821,新能源 基金 长期 定投,长期 持有 价值,1,-1
822,黄金 商品 抗通胀,债券 固收 低波动,0,0
823,海外 ETF 汇率 风险,短线 交易 高频,-1,-1
824,价值 投资 蓝筹 稳健 分红,债券 固收 低波动,0,1
825,债券 固收 低波动,AI 半导体 成长 风险承受高,-1,0
826,长期 持有 价值,新能源 基金 长期 定投,0,1
827,医药 消费 产业轮动,长期 持有 价值,1,1
828,黄金 商品 抗通胀,短线 交易 高频,1,1
829,价值 投资 蓝筹 稳健 分红,价值 投资 蓝筹 稳健 分红,0,-1
830,海外 ETF 汇率 风险,新能源 基金 长期 定投,0,0
831,医药 消费 产业轮动,价值 投资 蓝筹 稳健 分红,0,-1
832,海外 ETF 汇率 风险,长期 持有 价值,0,0
833,短线 交易 高频,海外 ETF 汇率 风险,0,0
834,债券 固收 低波动,黄金 商品 抗通胀,0,0
835,长期 持有 价值,海外 ETF 汇率 风险,1,0
836,长期 持有 价值,黄金 商品 抗通胀,0,0
837,AI 半导体 成长 风险承受高,短线 交易 高频,0,1
838,新能源 基金 长期 定投,新能源 基金 长期 定投,0,0
839,价值 投资 蓝筹 稳健 分红,海外 ETF 汇率 风险,0,0
840,医药 消费 产业轮动,黄金 商品 抗通胀,0,0
841,长期 持有 价值,价值 投资 蓝筹 稳健 分红,1,0
842,海外 ETF 汇率 风险,新能源 基金 长期 定投,-1,-1
843,债券 固收 低波动,黄金 商品 抗通胀,-1,0
844,AI 半导体 成长 风险承受高,新能源 基金 长期 定投,1,0
845,长期 持有 价值,新能源 基金 长期 定投,0,-1
846,长期 持有 价值,短线 交易 高频,0,-1
847,长期 持有 价值,短线 交易 高频,0,-1
848,海外 ETF 汇率 风险,新能源 基金 长期 定投,1,0
849,新能源 基金 长期 定投,债券 固收 低波动,0,0
850,债券 固收 低波动,债券 固收 低波动,1,0
851,黄金 商品 抗通胀,AI 半导体 成长 风险承受高,1,1
852,海外 ETF 汇率 风险,价值 投资 蓝筹 稳健 分红,0,0
853,短线 交易 高频,海外 ETF 汇率 风险,-1,-1
854,短线 交易 高频,海外 ETF 汇率 风险,-1,1
855,AI 半导体 成长 风险承受高,价值 投资 蓝筹 稳健 分红,1,0
856,黄金 商品 抗通胀,债券 固收 低波动,-1,-1
857,黄金 商品 抗通胀,新能源 基金 长期 定投,-1,0
858,黄金 商品 抗通胀,AI 半导体 成长 风险承受高,0,1
859,新能源 基金 长期 定投,黄金 商品 抗通胀,0,1
860,长期 持有 价值,新能源 基金 长期 定投,-1,1
861,海外 ETF 汇率 风险,债券 固收 低波动,0,0
862,价值 投资 蓝筹 稳健 分红,新能源 基金 长期 定投,1,1
863,长期 持有 价值,长期 持有 价值,0,0
864,AI 半导体 成长 风险承受高,长期 持有 价值,0,0
865,AI 半导体 成长 风险承受高,债券 固收 低波动,0,-1
866,债券 固收 低波动,海外 ETF 汇率 风险,0,0
867,长期 持有 价值,海外 ETF 汇率 风险,-1,-1
868,新能源 基金 长期 定投,海外 ETF 汇率 风险,0,1
869,海外 ETF 汇率 风险,新能源 基金 长期 定投,1,0
870,AI 半导体 成长 风险承受高,海外 ETF 汇率 风险,0,1
871,债券 固收 低波动,海外 ETF 汇率 风险,0,-1
872,黄金 商品 抗通胀,医药 消费 产业轮动,-1,0
873,海外 ETF 汇率 风险,AI 半导体 成长 风险承受高,1,0
874,价值 投资 蓝筹 稳健 分红,长期 持有 价值,0,0
875,AI 半导体 成长 风险承受高,新能源 基金 长期 定投,0,-1
876,债券 固收 低波动,医药 消费 产业轮动,-1,-1
877,短线 交易 高频,海外 ETF 汇率 风险,-1,1
878,价值 投资 蓝筹 稳健 分红,医药 消费 产业轮动,1,0
879,短线 交易 高频,债券 固收 低波动,-1,1
880,短线 交易 高频,短线 交易 高频,-1,1
881,价值 投资 蓝筹 稳健 分红,黄金 商品 抗通胀,1,0
882,债券 固收 低波动,医药 消费 产业轮动,0,1
883,债券 固收 低波动,AI 半导体 成长 风险承受高,0,0
884,医药 消费 产业轮动,海外 ETF 汇率 风险,1,-1
885,医药 消费 产业轮动,债券 固收 低波动,-1,0
886,AI 半导体 成长 风险承受高,黄金 商品 抗通胀,0,0
887,AI 半导体 成长 风险承受高,新能源 基金 长期 定投,0,0
888,新能源 基金 长期 定投,AI 半导体 成长 风险承受高,0,0
889,长期 持有 价值,黄金 商品 抗通胀,0,-1
890,短线 交易 高频,黄金 商品 抗通胀,0,0
891,新能源 基金 长期 定投,海外 ETF 汇率 风险,0,1
892,海外 ETF 汇率 风险,新能源 基金 长期 定投,-1,1
893,海外 ETF 汇率 风险,黄金 商品 抗通胀,1,0
894,黄金 商品 抗通胀,黄金 商品 抗通胀,0,0
895,海外 ETF 汇率 风险,黄金 商品 抗通胀,-1,1
896,债券 固收 低波动,新能源 基金 长期 定投,1,1
897,短线 交易 高频,债券 固收 低波动,-1,0
898,AI 半导体 成长 风险承受高,AI 半导体 成长 风险承受高,0,-1
899,黄金 商品 抗通胀,海外 ETF 汇率 风险,1,-1
900,债券 固收 低波动,长期 持有 价值,1,0
901,AI 半导体 成长 风险承受高,短线 交易 高频,-1,0
902,价值 投资 蓝筹 稳健 分红,医药 消费 产业轮动,1,0
903,新能源 基金 长期 定投,医药 消费 产业轮动,0,0
904,长期 持有 价值,价值 投资 蓝筹 稳健 分红,0,0
905,价值 投资 蓝筹 稳健 分红,海外 ETF 汇率 风险,0,1
906,医药 消费 产业轮动,AI 半导体 成长 风险承受高,1,0
907,价值 投资 蓝筹 稳健 分红,黄金 商品 抗通胀,-1,1
908,黄金 商品 抗通胀,短线 交易 高频,-1,-1
909,长期 持有 价值,医药 消费 产业轮动,-1,1
910,黄金 商品 抗通胀,长期 持有 价值,0,0
911,新能源 基金 长期 定投,长期 持有 价值,-1,0
912,黄金 商品 抗通胀,医药 消费 产业轮动,0,1
913,长期 持有 价值,价值 投资 蓝筹 稳健 分红,-1,0
914,新能源 基金 长期 定投,长期 持有 价值,1,0
915,AI 半导体 成长 风险承受高,黄金 商品 抗通胀,0,1
916,债券 固收 低波动,AI 半导体 成长 风险承受高,0,0
917,AI 半导体 成长 风险承受高,新能源 基金 长期 定投,1,0
918,海外 ETF 汇率 风险,医药 消费 产业轮动,-1,-1
919,黄金 商品 抗通胀,长期 持有 价值,-1,0
920,海外 ETF 汇率 风险,债券 固收 低波动,0,0
921,长期 持有 价值,AI 半导体 成长 风险承受高,1,0
922,黄金 商品 抗通胀,债券 固收 低波动,-1,0
923,海外 ETF 汇率 风险,AI 半导体 成长 风险承受高,1,0
924,新能源 基金 长期 定投,新能源 基金 长期 定投,0,1
925,债券 固收 低波动,新能源 基金 长期 定投,-1,0
926,医药 消费 产业轮动,短线 交易 高频,0,0
927,新能源 基金 长期 定投,AI 半导体 成长 风险承受高,0,1
928,短线 交易 高频,短线 交易 高频,1,1
929,AI 半导体 成长 风险承受高,黄金 商品 抗通胀,-1,1
930,价值 投资 蓝筹 稳健 分红,长期 持有 价值,0,0
931,价值 投资 蓝筹 稳健 分红,黄金 商品 抗通胀,0,1
932,债券 固收 低波动,债券 固收 低波动,-1,1
933,短线 交易 高频,新能源 基金 长期 定投,1,-1
934,价值 投资 蓝筹 稳健 分红,AI 半导体 成长 风险承受高,0,1
935,黄金 商品 抗通胀,黄金 商品 抗通胀,0,0
936,医药 消费 产业轮动,长期 持有 价值,-1,1
937,短线 交易 高频,AI 半导体 成长 风险承受高,0,0
938,债券 固收 低波动,债券 固收 低波动,-1,1
939,AI 半导体 成长 风险承受高,黄金 商品 抗通胀,0,1
940,海外 ETF 汇率 风险,价值 投资 蓝筹 稳健 分红,1,0
941,长期 持有 价值,医药 消费 产业轮动,-1,0
942,新能源 基金 长期 定投,价值 投资 蓝筹 稳健 分红,1,-1
943,AI 半导体 成长 风险承受高,AI 半导体 成长 风险承受高,0,-1
944,黄金 商品 抗通胀,价值 投资 蓝筹 稳健 分红,1,0
945,AI 半导体 成长 风险承受高,新能源 基金 长期 定投,-1,-1
946,海外 ETF 汇率 风险,AI 半导体 成长 风险承受高,0,-1
947,医药 消费 产业轮动,黄金 商品 抗通胀,-1,1
948,价值 投资 蓝筹 稳健 分红,AI 半导体 成长 风险承受高,0,0
949,医药 消费 产业轮动,黄金 商品 抗通胀,0,0
950,新能源 基金 长期 定投,黄金 商品 抗通胀,1,0
951,价值 投资 蓝筹 稳健 分红,海外 ETF 汇率 风险,-1,0
952,短线 交易 高频,短线 交易 高频,0,1
953,海外 ETF 汇率 风险,长期 持有 价值,0,1
954,新能源 基金 长期 定投,价值 投资 蓝筹 稳健 分红,0,0
955,新能源 基金 长期 定投,医药 消费 产业轮动,0,0
956,长期 持有 价值,黄金 商品 抗通胀,0,-1
957,黄金 商品 抗通胀,新能源 基金 长期 定投,1,-1
958,海外 ETF 汇率 风险,短线 交易 高频,0,0
959,新能源 基金 长期 定投,短线 交易 高频,0,-1
960,医药 消费 产业轮动,新能源 基金 长期 定投,1,0
961,短线 交易 高频,长期 持有 价值,-1,-1
962,长期 持有 价值,医药 消费 产业轮动,1,1
963,长期 持有 价值,新能源 基金 长期 定投,-1,0
964,价值 投资 蓝筹 稳健 分红,价值 投资 蓝筹 稳健 分红,0,0
965,AI 半导体 成长 风险承受高,海外 ETF 汇率 风险,1,-1
966,债券 固收 低波动,AI 半导体 成长 风险承受高,1,-1
967,新能源 基金 长期 定投,价值 投资 蓝筹 稳健 分红,0,-1
968,价值 投资 蓝筹 稳健 分红,债券 固收 低波动,0,0
969,债券 固收 低波动,短线 交易 高频,1,-1
970,AI 半导体 成长 风险承受高,长期 持有 价值,1,1
971,债券 固收 低波动,债券 固收 低波动,-1,1
972,短线 交易 高频,价值 投资 蓝筹 稳健 分红,0,-1
973,价值 投资 蓝筹 稳健 分红,短线 交易 高频,1,0
974,债券 固收 低波动,医药 消费 产业轮动,-1,0
975,长期 持有 价值,价值 投资 蓝筹 稳健 分红,0,-1
976,海外 ETF 汇率 风险,黄金 商品 抗通胀,1,0
977,医药 消费 产业轮动,债券 固收 低波动,0,0
978,AI 半导体 成长 风险承受高,新能源 基金 长期 定投,0,-1
979,长期 持有 价值,黄金 商品 抗通胀,1,0
980,海外 ETF 汇率 风险,价值 投资 蓝筹 稳健 分红,0,0
981,短线 交易 高频,医药 消费 产业轮动,-1,-1
982,价值 投资 蓝筹 稳健 分红,债券 固收 低波动,0,-1
983,医药 消费 产业轮动,AI 半导体 成长 风险承受高,0,-1
984,AI 半导体 成长 风险承受高,新能源 基金 长期 定投,-1,1
985,价值 投资 蓝筹 稳健 分红,医药 消费 产业轮动,0,0
986,黄金 商品 抗通胀,黄金 商品 抗通胀,0,1
987,价值 投资 蓝筹 稳健 分红,债券 固收 低波动,1,0
988,新能源 基金 长期 定投,债券 固收 低波动,1,1
989,海外 ETF 汇率 风险,长期 持有 价值,1,1
990,价值 投资 蓝筹 稳健 分红,短线 交易 高频,0,1
991,AI 半导体 成长 风险承受高,债券 固收 低波动,0,0
992,债券 固收 低波动,长期 持有 价值,-1,0
993,医药 消费 产业轮动,医药 消费 产业轮动,1,0
994,新能源 基金 长期 定投,海外 ETF 汇率 风险,0,0
995,价值 投资 蓝筹 稳健 分红,短线 交易 高频,-1,1
996,短线 交易 高频,长期 持有 价值,1,0
997,长期 持有 价值,长期 持有 价值,0,0
998,新能源 基金 长期 定投,黄金 商品 抗通胀,0,-1
999,黄金 商品 抗通胀,黄金 商品 抗通胀,1,0
1000,新能源 基金 长期 定投,短线 交易 高频,1,1
1001,AI 半导体 成长 风险承受高,长期 持有 价值,1,-1
1002,海外 ETF 汇率 风险,医药 消费 产业轮动,0,1
1003,短线 交易 高频,黄金 商品 抗通胀,0,0
1004,AI 半导体 成长 风险承受高,黄金 商品 抗通胀,1,0
1005,AI 半导体 成长 风险承受高,债券 固收 低波动,-1,1
1006,医药 消费 产业轮动,AI 半导体 成长 风险承受高,1,1
1007,AI 半导体 成长 风险承受高,黄金 商品 抗通胀,0,1
1008,短线 交易 高频,长期 持有 价值,0,0
1009,黄金 商品 抗通胀,价值 投资 蓝筹 稳健 分红,1,1
1010,新能源 基金 长期 定投,医药 消费 产业轮动,-1,0
1011,黄金 商品 抗通胀,债券 固收 低波动,0,-1
1012,长期 持有 价值,医药 消费 产业轮动,0,1
1013,新能源 基金 长期 定投,黄金 商品 抗通胀,1,1
1014,债券 固收 低波动,长期 持有 价值,0,0
1015,医药 消费 产业轮动,长期 持有 价值,1,1
1016,债券 固收 低波动,长期 持有 价值,-1,-1
1017,海外 ETF 汇率 风险,短线 交易 高频,0,0
1018,债券 固收 低波动,短线 交易 高频,-1,1
1019,长期 持有 价值,新能源 基金 长期 定投,0,-1
1020,AI 半导体 成长 风险承受高,短线 交易 高频,1,0
1021,黄金 商品 抗通胀,海外 ETF 汇率 风险,0,0
1022,债券 固收 低波动,海外 ETF 汇率 风险,0,1
1023,长期 持有 价值,海外 ETF 汇率 风险,0,0
1024,新能源 基金 长期 定投,AI 半导体 成长 风险承受高,1,1
1025,黄金 商品 抗通胀,海外 ETF 汇率 风险,0,1
1026,新能源 基金 长期 定投,新能源 基金 长期 定投,1,0
1027,债券 固收 低波动,医药 消费 产业轮动,-1,0
1028,医药 消费 产业轮动,价值 投资 蓝筹 稳健 分红,1,0
1029,短线 交易 高频,新能源 基金 长期 定投,-1,0
1030,价值 投资 蓝筹 稳健 分红,黄金 商品 抗通胀,0,0
1031,价值 投资 蓝筹 稳健 分红,医药 消费 产业轮动,0,1
1032,医药 消费 产业轮动,债券 固收 低波动,0,0
1033,新能源 基金 长期 定投,医药 消费 产业轮动,1,-1
1034,短线 交易 高频,海外 ETF 汇率 风险,0,0
1035,长期 持有 价值,医药 消费 产业轮动,0,0
1036,短线 交易 高频,医药 消费 产业轮动,0,0
1037,新能源 基金 长期 定投,新能源 基金 长期 定投,1,1
1038,价值 投资 蓝筹 稳健 分红,AI 半导体 成长 风险承受高,0,0
1039,医药 消费 产业轮动,债券 固收 低波动,0,0
1040,长期 持有 价值,海外 ETF 汇率 风险,0,0
1041,债券 固收 低波动,长期 持有 价值,0,1
1042,AI 半导体 成长 风险承受高,AI 半导体 成长 风险承受高,1,-1
1043,价值 投资 蓝筹 稳健 分红,长期 持有 价值,0,1
1044,新能源 基金 长期 定投,AI 半导体 成长 风险承受高,1,0
1045,海外 ETF 汇率 风险,海外 ETF 汇率 风险,1,0
1046,医药 消费 产业轮动,新能源 基金 长期 定投,1,0
1047,医药 消费 产业轮动,价值 投资 蓝筹 稳健 分红,0,1
1048,医药 消费 产业轮动,短线 交易 高频,0,0
1049,价值 投资 蓝筹 稳健 分红,黄金 商品 抗通胀,0,1
1050,黄金 商品 抗通胀,黄金 商品 抗通胀,0,1
1051,黄金 商品 抗通胀,黄金 商品 抗通胀,0,0
1052,短线 交易 高频,海外 ETF 汇率 风险,1,0
1053,短线 交易 高频,债券 固收 低波动,0,-1
1054,价值 投资 蓝筹 稳健 分红,新能源 基金 长期 定投,0,-1
1055,债券 固收 低波动,价值 投资 蓝筹 稳健 分红,1,1
1056,医药 消费 产业轮动,长期 持有 价值,0,0
1057,债券 固收 低波动,价值 投资 蓝筹 稳健 分红,-1,1
1058,海外 ETF 汇率 风险,AI 半导体 成长 风险承受高,1,0
1059,短线 交易 高频,AI 半导体 成长 风险承受高,0,0
1060,黄金 商品 抗通胀,医药 消费 产业轮动,0,0
1061,黄金 商品 抗通胀,AI 半导体 成长 风险承受高,1,-1
1062,新能源 基金 长期 定投,新能源 基金 长期 定投,0,0
1063,海外 ETF 汇率 风险,新能源 基金 长期 定投,1,0
1064,价值 投资 蓝筹 稳健 分红,短线 交易 高频,1,0
1065,黄金 商品 抗通胀,新能源 基金 长期 定投,0,0
1066,海外 ETF 汇率 风险,债券 固收 低波动,-1,1
1067,新能源 基金 长期 定投,债券 固收 低波动,0,0
1068,长期 持有 价值,长期 持有 价值,0,0
1069,医药 消费 产业轮动,医药 消费 产业轮动,0,0
1070,价值 投资 蓝筹 稳健 分红,海外 ETF 汇率 风险,1,0
1071,黄金 商品 抗通胀,债券 固收 低波动,1,1
1072,医药 消费 产业轮动,价值 投资 蓝筹 稳健 分红,0,0
1073,债券 固收 低波动,长期 持有 价值,0,-1
1074,债券 固收 低波动,长期 持有 价值,1,1
1075,新能源 基金 长期 定投,新能源 基金 长期 定投,0,1
1076,新能源 基金 长期 定投,短线 交易 高频,1,0
1077,医药 消费 产业轮动,医药 消费 产业轮动,0,0
1078,海外 ETF 汇率 风险,黄金 商品 抗通胀,-1,0
1079,新能源 基金 长期 定投,新能源 基金 长期 定投,1,0
1080,价值 投资 蓝筹 稳健 分红,黄金 商品 抗通胀,0,0
1081,价值 投资 蓝筹 稳健 分红,AI 半导体 成长 风险承受高,0,0
1082,海外 ETF 汇率 风险,医药 消费 产业轮动,-1,1
1083,价值 投资 蓝筹 稳健 分红,短线 交易 高频,0,0
1084,AI 半导体 成长 风险承受高,价值 投资 蓝筹 稳健 分红,0,-1
1085,医药 消费 产业轮动,医药 消费 产业轮动,1,0
1086,价值 投资 蓝筹 稳健 分红,新能源 基金 长期 定投,0,-1
1087,海外 ETF 汇率 风险,海外 ETF 汇率 风险,1,0
1088,AI 半导体 成长 风险承受高,医药 消费 产业轮动,1,-1
1089,海外 ETF 汇率 风险,债券 固收 低波动,0,0
1090,价值 投资 蓝筹 稳健 分红,海外 ETF 汇率 风险,-1,1
1091,AI 半导体 成长 风险承受高,短线 交易 高频,1,0
1092,价值 投资 蓝筹 稳健 分红,债券 固收 低波动,0,0
1093,短线 交易 高频,黄金 商品 抗通胀,1,1
1094,医药 消费 产业轮动,黄金 商品 抗通胀,1,0
1095,海外 ETF 汇率 风险,医药 消费 产业轮动,0,-1
1096,新能源 基金 长期 定投,AI 半导体 成长 风险承受高,0,0
1097,AI 半导体 成长 风险承受高,价值 投资 蓝筹 稳健 分红,0,1
1098,债券 固收 低波动,AI 半导体 成长 风险承受高,1,1
1099,长期 持有 价值,长期 持有 价值,-1,-1
1100,AI 半导体 成长 风险承受高,海外 ETF 汇率 风险,0,0
1101,长期 持有 价值,新能源 基金 长期 定投,1,0
1102,价值 投资 蓝筹 稳健 分红,黄金 商品 抗通胀,1,0
1103,价值 投资 蓝筹 稳健 分红,价值 投资 蓝筹 稳健 分红,0,0
1104,长期 持有 价值,黄金 商品 抗通胀,0,1
1105,短线 交易 高频,AI 半导体 成长 风险承受高,1,1
1106,新能源 基金 长期 定投,债券 固收 低波动,0,1
1107,黄金 商品 抗通胀,黄金 商品 抗通胀,-1,0
1108,海外 ETF 汇率 风险,黄金 商品 抗通胀,0,-1
1109,医药 消费 产业轮动,债券 固收 低波动,1,1
1110,AI 半导体 成长 风险承受高,黄金 商品 抗通胀,-1,0
1111,长期 持有 价值,债券 固收 低波动,1,0
1112,价值 投资 蓝筹 稳健 分红,价值 投资 蓝筹 稳健 分红,0,-1
1113,长期 持有 价值,价值 投资 蓝筹 稳健 分红,1,0
1114,价值 投资 蓝筹 稳健 分红,短线 交易 高频,0,0
1115,医药 消费 产业轮动,医药 消费 产业轮动,0,-1
1116,债券 固收 低波动,医药 消费 产业轮动,0,0
1117,债券 固收 低波动,债券 固收 低波动,0,-1
1118,长期 持有 价值,短线 交易 高频,-1,1
1119,短线 交易 高频,黄金 商品 抗通胀,0,1
1120,长期 持有 价值,短线 交易 高频,1,0
1121,新能源 基金 长期 定投,长期 持有 价值,0,0
1122,海外 ETF 汇率 风险,价值 投资 蓝筹 稳健 分红,0,0
1123,新能源 基金 长期 定投,新能源 基金 长期 定投,0,0
1124,新能源 基金 长期 定投,长期 持有 价值,0,0
1125,长期 持有 价值,短线 交易 高频,1,0
1126,短线 交易 高频,黄金 商品 抗通胀,0,0
1127,医药 消费 产业轮动,短线 交易 高频,1,-1
1128,黄金 商品 抗通胀,长期 持有 价值,0,0
1129,新能源 基金 长期 定投,医药 消费 产业轮动,0,0
1130,价值 投资 蓝筹 稳健 分红,债券 固收 低波动,1,0
1131,价值 投资 蓝筹 稳健 分红,海外 ETF 汇率 风险,0,0
1132,价值 投资 蓝筹 稳健 分红,长期 持有 价值,0,1
1133,黄金 商品 抗通胀,新能源 基金 长期 定投,1,0
1134,价值 投资 蓝筹 稳健 分红,AI 半导体 成长 风险承受高,0,1
1135,长期 持有 价值,海外 ETF 汇率 风险,0,0
1136,新能源 基金 长期 定投,黄金 商品 抗通胀,1,0
1137,海外 ETF 汇率 风险,海外 ETF 汇率 风险,0,0
1138,价值 投资 蓝筹 稳健 分红,AI 半导体 成长 风险承受高,0,1
1139,短线 交易 高频,新能源 基金 长期 定投,0,0
1140,短线 交易 高频,新能源 基金 长期 定投,0,1
1141,价值 投资 蓝筹 稳健 分红,价值 投资 蓝筹 稳健 分红,1,-1
1142,短线 交易 高频,长期 持有 价值,-1,0
1143,价值 投资 蓝筹 稳健 分红,短线 交易 高频,0,0
1144,价值 投资 蓝筹 稳健 分红,黄金 商品 抗通胀,0,-1
1145,新能源 基金 长期 定投,短线 交易 高频,0,-1
1146,海外 ETF 汇率 风险,AI 半导体 成长 风险承受高,1,0
1147,黄金 商品 抗通胀,医药 消费 产业轮动,-1,1
1148,债券 固收 低波动,医药 消费 产业轮动,0,-1
1149,价值 投资 蓝筹 稳健 分红,长期 持有 价值,0,-1
1150,AI 半导体 成长 风险承受高,短线 交易 高频,-1,1
1151,短线 交易 高频,债券 固收 低波动,-1,-1
1152,AI 半导体 成长 风险承受高,短线 交易 高频,0,0
1153,长期 持有 价值,短线 交易 高频,1,1
1154,债券 固收 低波动,黄金 商品 抗通胀,-1,-1
1155,债券 固收 低波动,短线 交易 高频,0,0
1156,医药 消费 产业轮动,价值 投资 蓝筹 稳健 分红,0,1
1157,海外 ETF 汇率 风险,医药 消费 产业轮动,0,1
1158,新能源 基金 长期 定投,短线 交易 高频,0,-1
1159,黄金 商品 抗通胀,新能源 基金 长期 定投,0,0
1160,价值 投资 蓝筹 稳健 分红,新能源 基金 长期 定投,-1,-1
1161,AI 半导体 成长 风险承受高,黄金 商品 抗通胀,-1,0
1162,价值 投资 蓝筹 稳健 分红,长期 持有 价值,0,1
1163,新能源 基金 长期 定投,医药 消费 产业轮动,1,-1
1164,长期 持有 价值,AI 半导体 成长 风险承受高,0,-1
1165,短线 交易 高频,黄金 商品 抗通胀,0,-1
1166,海外 ETF 汇率 风险,新能源 基金 长期 定投,1,1
1167,债券 固收 低波动,新能源 基金 长期 定投,1,-1
1168,黄金 商品 抗通胀,AI 半导体 成长 风险承受高,1,-1
1169,AI 半导体 成长 风险承受高,价值 投资 蓝筹 稳健 分红,0,-1
1170,价值 投资 蓝筹 稳健 分红,价值 投资 蓝筹 稳健 分红,0,0
1171,短线 交易 高频,短线 交易 高频,1,1
1172,AI 半导体 成长 风险承受高,AI 半导体 成长 风险承受高,1,0
1173,新能源 基金 长期 定投,价值 投资 蓝筹 稳健 分红,0,0
1174,价值 投资 蓝筹 稳健 分红,债券 固收 低波动,-1,0
1175,短线 交易 高频,AI 半导体 成长 风险承受高,1,-1
1176,长期 持有 价值,债券 固收 低波动,0,0
1177,债券 固收 低波动,AI 半导体 成长 风险承受高,-1,1
1178,AI 半导体 成长 风险承受高,医药 消费 产业轮动,0,-1
1179,价值 投资 蓝筹 稳健 分红,债券 固收 低波动,0,1
1180,短线 交易 高频,海外 ETF 汇率 风险,-1,0
1181,医药 消费 产业轮动,新能源 基金 长期 定投,-1,0
1182,价值 投资 蓝筹 稳健 分红,长期 持有 价值,-1,1
1183,长期 持有 价值,短线 交易 高频,1,1
1184,黄金 商品 抗通胀,海外 ETF 汇率 风险,-1,0
1185,医药 消费 产业轮动,AI 半导体 成长 风险承受高,1,0
1186,新能源 基金 长期 定投,长期 持有 价值,1,1
1187,短线 交易 高频,医药 消费 产业轮动,0,1
1188,黄金 商品 抗通胀,医药 消费 产业轮动,1,0
1189,新能源 基金 长期 定投,黄金 商品 抗通胀,0,1
1190,价值 投资 蓝筹 稳健 分红,短线 交易 高频,1,1
1191,AI 半导体 成长 风险承受高,债券 固收 低波动,1,0
1192,债券 固收 低波动,新能源 基金 长期 定投,-1,0
1193,短线 交易 高频,短线 交易 高频,1,1
1194,AI 半导体 成长 风险承受高,医药 消费 产业轮动,1,1
1195,AI 半导体 成长 风险承受高,长期 持有 价值,0,0
1196,债券 固收 低波动,黄金 商品 抗通胀,-1,0
1197,黄金 商品 抗通胀,医药 消费 产业轮动,0,-1
1198,新能源 基金 长期 定投,短线 交易 高频,0,-1
1199,黄金 商品 抗通胀,医药 消费 产业轮动,1,0
1200,长期 持有 价值,新能源 基金 长期 定投,0,1
1201,新能源 基金 长期 定投,价值 投资 蓝筹 稳健 分红,-1,0
1202,短线 交易 高频,AI 半导体 成长 风险承受高,0,1
1203,海外 ETF 汇率 风险,短线 交易 高频,1,1
1204,短线 交易 高频,价值 投资 蓝筹 稳健 分红,1,0
1205,医药 消费 产业轮动,价值 投资 蓝筹 稳健 分红,0,-1
1206,长期 持有 价值,AI 半导体 成长 风险承受高,1,1
1207,长期 持有 价值,债券 固收 低波动,0,0
1208,短线 交易 高频,短线 交易 高频,1,0
1209,海外 ETF 汇率 风险,短线 交易 高频,-1,0
1210,黄金 商品 抗通胀,价值 投资 蓝筹 稳健 分红,1,0
1211,债券 固收 低波动,AI 半导体 成长 风险承受高,-1,1
1212,新能源 基金 长期 定投,价值 投资 蓝筹 稳健 分红,0,1
1213,AI 半导体 成长 风险承受高,债券 固收 低波动,0,1
1214,医药 消费 产业轮动,债券 固收 低波动,-1,1
1215,新能源 基金 长期 定投,新能源 基金 长期 定投,0,0
1216,长期 持有 价值,医药 消费 产业轮动,0,1
1217,医药 消费 产业轮动,新能源 基金 长期 定投,1,1
1218,新能源 基金 长期 定投,债券 固收 低波动,-1,0
1219,短线 交易 高频,价值 投资 蓝筹 稳健 分红,0,0
1220,海外 ETF 汇率 风险,海外 ETF 汇率 风险,1,-1
1221,短线 交易 高频,短线 交易 高频,-1,-1
1222,长期 持有 价值,新能源 基金 长期 定投,1,0
1223,海外 ETF 汇率 风险,海外 ETF 汇率 风险,0,-1
1224,海外 ETF 汇率 风险,短线 交易 高频,1,1
1225,债券 固收 低波动,长期 持有 价值,1,-1
1226,医药 消费 产业轮动,债券 固收 低波动,0,-1
1227,长期 持有 价值,长期 持有 价值,0,1
1228,黄金 商品 抗通胀,黄金 商品 抗通胀,0,-1
1229,医药 消费 产业轮动,医药 消费 产业轮动,-1,1
1230,价值 投资 蓝筹 稳健 分红,黄金 商品 抗通胀,0,0
1231,长期 持有 价值,黄金 商品 抗通胀,1,0
1232,AI 半导体 成长 风险承受高,短线 交易 高频,1,-1
1233,长期 持有 价值,AI 半导体 成长 风险承受高,0,-1
1234,医药 消费 产业轮动,债券 固收 低波动,-1,1
1235,AI 半导体 成长 风险承受高,海外 ETF 汇率 风险,0,0
1236,价值 投资 蓝筹 稳健 分红,AI 半导体 成长 风险承受高,-1,0
1237,价值 投资 蓝筹 稳健 分红,债券 固收 低波动,-1,1
1238,新能源 基金 长期 定投,黄金 商品 抗通胀,0,0
1239,医药 消费 产业轮动,债券 固收 低波动,-1,1
1240,医药 消费 产业轮动,短线 交易 高频,0,0
1241,短线 交易 高频,价值 投资 蓝筹 稳健 分红,0,0
1242,海外 ETF 汇率 风险,债券 固收 低波动,0,0
1243,长期 持有 价值,海外 ETF 汇率 风险,0,-1
1244,医药 消费 产业轮动,海外 ETF 汇率 风险,1,1
1245,债券 固收 低波动,债券 固收 低波动,0,-1
1246,医药 消费 产业轮动,医药 消费 产业轮动,0,0
1247,AI 半导体 成长 风险承受高,医药 消费 产业轮动,0,1
1248,新能源 基金 长期 定投,债券 固收 低波动,1,0
1249,AI 半导体 成长 风险承受高,黄金 商品 抗通胀,1,1
1250,黄金 商品 抗通胀,价值 投资 蓝筹 稳健 分红,1,-1
1251,债券 固收 低波动,短线 交易 高频,1,0
1252,黄金 商品 抗通胀,新能源 基金 长期 定投,-1,0
1253,债券 固收 低波动,海外 ETF 汇率 风险,1,0
1254,黄金 商品 抗通胀,AI 半导体 成长 风险承受高,1,0
1255,长期 持有 价值,AI 半导体 成长 风险承受高,0,1
1256,医药 消费 产业轮动,债券 固收 低波动,0,0
1257,债券 固收 低波动,债券 固收 低波动,0,0
1258,债券 固收 低波动,AI 半导体 成长 风险承受高,0,-1
1259,海外 ETF 汇率 风险,海外 ETF 汇率 风险,0,-1
1260,新能源 基金 长期 定投,长期 持有 价值,0,-1
1261,医药 消费 产业轮动,短线 交易 高频,0,0
1262,新能源 基金 长期 定投,长期 持有 价值,0,0
1263,短线 交易 高频,新能源 基金 长期 定投,1,0
1264,短线 交易 高频,价值 投资 蓝筹 稳健 分红,1,0
1265,新能源 基金 长期 定投,海外 ETF 汇率 风险,0,0
1266,医药 消费 产业轮动,医药 消费 产业轮动,0,-1
1267,价值 投资 蓝筹 稳健 分红,债券 固收 低波动,0,-1
1268,短线 交易 高频,债券 固收 低波动,0,0
1269,长期 持有 价值,黄金 商品 抗通胀,0,1
1270,短线 交易 高频,新能源 基金 长期 定投,-1,1
1271,短线 交易 高频,价值 投资 蓝筹 稳健 分红,0,0
1272,长期 持有 价值,长期 持有 价值,-1,1
1273,医药 消费 产业轮动,债券 固收 低波动,0,0
1274,新能源 基金 长期 定投,新能源 基金 长期 定投,1,-1
1275,债券 固收 低波动,海外 ETF 汇率 风险,0,0
1276,债券 固收 低波动,海外 ETF 汇率 风险,0,1
1277,短线 交易 高频,价值 投资 蓝筹 稳健 分红,0,1
1278,黄金 商品 抗通胀,新能源 基金 长期 定投,1,1
1279,海外 ETF 汇率 风险,价值 投资 蓝筹 稳健 分红,1,-1
1280,AI 半导体 成长 风险承受高,医药 消费 产业轮动,0,-1
1281,长期 持有 价值,AI 半导体 成长 风险承受高,0,0
1282,短线 交易 高频,新能源 基金 长期 定投,0,-1
1283,海外 ETF 汇率 风险,AI 半导体 成长 风险承受高,0,1
1284,AI 半导体 成长 风险承受高,短线 交易 高频,1,0
1285,海外 ETF 汇率 风险,债券 固收 低波动,1,1
1286,新能源 基金 长期 定投,黄金 商品 抗通胀,0,0
1287,新能源 基金 长期 定投,黄金 商品 抗通胀,0,1
1288,黄金 商品 抗通胀,价值 投资 蓝筹 稳健 分红,1,-1
1289,债券 固收 低波动,短线 交易 高频,0,0
1290,AI 半导体 成长 风险承受高,长期 持有 价值,1,-1
1291,债券 固收 低波动,价值 投资 蓝筹 稳健 分红,1,0
1292,债券 固收 低波动,海外 ETF 汇率 风险,0,1
1293,长期 持有 价值,短线 交易 高频,0,1
1294,医药 消费 产业轮动,AI 半导体 成长 风险承受高,0,0
1295,医药 消费 产业轮动,债券 固收 低波动,0,-1
1296,长期 持有 价值,长期 持有 价值,-1,1
1297,海外 ETF 汇率 风险,AI 半导体 成长 风险承受高,0,1
1298,AI 半导体 成长 风险承受高,长期 持有 价值,0,0
1299,AI 半导体 成长 风险承受高,AI 半导体 成长 风险承受高,0,0
1300,长期 持有 价值,短线 交易 高频,1,-1
1301,黄金 商品 抗通胀,AI 半导体 成长 风险承受高,-1,-1
1302,债券 固收 低波动,海外 ETF 汇率 风险,1,-1
1303,医药 消费 产业轮动,债券 固收 低波动,0,-1
1304,新能源 基金 长期 定投,价值 投资 蓝筹 稳健 分红,1,1
1305,黄金 商品 抗通胀,价值 投资 蓝筹 稳健 分红,1,0
1306,AI 半导体 成长 风险承受高,长期 持有 价值,0,0
1307,价值 投资 蓝筹 稳健 分红,医药 消费 产业轮动,1,-1
1308,债券 固收 低波动,短线 交易 高频,0,0
1309,医药 消费 产业轮动,债券 固收 低波动,1,1
1310,短线 交易 高频,价值 投资 蓝筹 稳健 分红,-1,1
1311,长期 持有 价值,短线 交易 高频,-1,0
1312,AI 半导体 成长 风险承受高,价值 投资 蓝筹 稳健 分红,1,0
1313,长期 持有 价值,医药 消费 产业轮动,1,1
1314,短线 交易 高频,价值 投资 蓝筹 稳健 分红,1,0
1315,海外 ETF 汇率 风险,黄金 商品 抗通胀,0,-1
1316,新能源 基金 长期 定投,AI 半导体 成长 风险承受高,0,0
1317,价值 投资 蓝筹 稳健 分红,黄金 商品 抗通胀,1,0
1318,债券 固收 低波动,AI 半导体 成长 风险承受高,1,0
1319,债券 固收 低波动,新能源 基金 长期 定投,0,-1
1320,AI 半导体 成长 风险承受高,价值 投资 蓝筹 稳健 分红,0,-1
1321,新能源 基金 长期 定投,新能源 基金 长期 定投,0,1
1322,短线 交易 高频,价值 投资 蓝筹 稳健 分红,0,0
1323,医药 消费 产业轮动,海外 ETF 汇率 风险,0,0
1324,新能源 基金 长期 定投,医药 消费 产业轮动,1,0
1325,长期 持有 价值,新能源 基金 长期 定投,0,1
1326,新能源 基金 长期 定投,价值 投资 蓝筹 稳健 分红,-1,0
1327,新能源 基金 长期 定投,AI 半导体 成长 风险承受高,-1,0
1328,短线 交易 高频,海外 ETF 汇率 风险,0,0
1329,医药 消费 产业轮动,海外 ETF 汇率 风险,-1,0
1330,黄金 商品 抗通胀,AI 半导体 成长 风险承受高,0,1
1331,黄金 商品 抗通胀,新能源 基金 长期 定投,0,0
1332,AI 半导体 成长 风险承受高,长期 持有 价值,1,0
1333,海外 ETF 汇率 风险,AI 半导体 成长 风险承受高,1,-1
1334,AI 半导体 成长 风险承受高,医药 消费 产业轮动,-1,0
1335,新能源 基金 长期 定投,海外 ETF 汇率 风险,0,0
1336,债券 固收 低波动,医药 消费 产业轮动,1,0
1337,短线 交易 高频,债券 固收 低波动,0,0
1338,医药 消费 产业轮动,医药 消费 产业轮动,0,0
1339,短线 交易 高频,AI 半导体 成长 风险承受高,1,-1
1340,AI 半导体 成长 风险承受高,海外 ETF 汇率 风险,0,-1
1341,价值 投资 蓝筹 稳健 分红,新能源 基金 长期 定投,1,1
1342,海外 ETF 汇率 风险,新能源 基金 长期 定投,0,1
1343,短线 交易 高频,长期 持有 价值,0,1
1344,黄金 商品 抗通胀,新能源 基金 长期 定投,0,1
1345,黄金 商品 抗通胀,债券 固收 低波动,0,-1
1346,价值 投资 蓝筹 稳健 分红,海外 ETF 汇率 风险,-1,1
1347,价值 投资 蓝筹 稳健 分红,黄金 商品 抗通胀,-1,0
1348,债券 固收 低波动,价值 投资 蓝筹 稳健 分红,1,-1
1349,黄金 商品 抗通胀,债券 固收 低波动,1,0
1350,长期 持有 价值,医药 消费 产业轮动,0,0
1351,价值 投资 蓝筹 稳健 分红,价值 投资 蓝筹 稳健 分红,0,0
1352,AI 半导体 成长 风险承受高,黄金 商品 抗通胀,0,1
1353,长期 持有 价值,AI 半导体 成长 风险承受高,-1,0
1354,新能源 基金 长期 定投,债券 固收 低波动,1,0
1355,价值 投资 蓝筹 稳健 分红,价值 投资 蓝筹 稳健 分红,0,1
1356,黄金 商品 抗通胀,长期 持有 价值,-1,0
1357,价值 投资 蓝筹 稳健 分红,黄金 商品 抗通胀,0,1
1358,AI 半导体 成长 风险承受高,短线 交易 高频,0,-1
1359,长期 持有 价值,债券 固收 低波动,0,0
1360,长期 持有 价值,价值 投资 蓝筹 稳健 分红,1,1
1361,医药 消费 产业轮动,短线 交易 高频,0,0
1362,医药 消费 产业轮动,AI 半导体 成长 风险承受高,-1,1
1363,海外 ETF 汇率 风险,债券 固收 低波动,0,1
1364,债券 固收 低波动,医药 消费 产业轮动,0,0
1365,新能源 基金 长期 定投,黄金 商品 抗通胀,0,1
1366,医药 消费 产业轮动,AI 半导体 成长 风险承受高,1,0
1367,价值 投资 蓝筹 稳健 分红,医药 消费 产业轮动,0,0
1368,海外 ETF 汇率 风险,医药 消费 产业轮动,0,1
1369,长期 持有 价值,债券 固收 低波动,1,1
1370,海外 ETF 汇率 风险,海外 ETF 汇率 风险,0,-1
1371,AI 半导体 成长 风险承受高,价值 投资 蓝筹 稳健 分红,0,-1
1372,短线 交易 高频,债券 固收 低波动,0,1
1373,长期 持有 价值,短线 交易 高频,1,0
1374,黄金 商品 抗通胀,长期 持有 价值,0,-1
1375,价值 投资 蓝筹 稳健 分红,医药 消费 产业轮动,0,0
1376,债券 固收 低波动,黄金 商品 抗通胀,0,0
1377,黄金 商品 抗通胀,短线 交易 高频,-1,-1
1378,短线 交易 高频,价值 投资 蓝筹 稳健 分红,1,0
1379,海外 ETF 汇率 风险,海外 ETF 汇率 风险,1,1
1380,价值 投资 蓝筹 稳健 分红,价值 投资 蓝筹 稳健 分红,0,1
1381,价值 投资 蓝筹 稳健 分红,短线 交易 高频,-1,-1
1382,医药 消费 产业轮动,价值 投资 蓝筹 稳健 分红,1,0
1383,价值 投资 蓝筹 稳健 分红,长期 持有 价值,-1,0
1384,AI 半导体 成长 风险承受高,黄金 商品 抗通胀,0,1
1385,医药 消费 产业轮动,债券 固收 低波动,1,0
1386,AI 半导体 成长 风险承受高,长期 持有 价值,-1,0
1387,海外 ETF 汇率 风险,医药 消费 产业轮动,1,-1
1388,价值 投资 蓝筹 稳健 分红,短线 交易 高频,-1,0
1389,新能源 基金 长期 定投,新能源 基金 长期 定投,1,0
1390,海外 ETF 汇率 风险,长期 持有 价值,0,0
1391,短线 交易 高频,债券 固收 低波动,0,0
1392,黄金 商品 抗通胀,长期 持有 价值,0,0
1393,医药 消费 产业轮动,黄金 商品 抗通胀,-1,-1
1394,新能源 基金 长期 定投,长期 持有 价值,1,-1
1395,价值 投资 蓝筹 稳健 分红,债券 固收 低波动,0,1
1396,长期 持有 价值,AI 半导体 成长 风险承受高,1,0
1397,债券 固收 低波动,价值 投资 蓝筹 稳健 分红,1,0
1398,医药 消费 产业轮动,黄金 商品 抗通胀,-1,0
1399,医药 消费 产业轮动,新能源 基金 长期 定投,1,-1
1400,医药 消费 产业轮动,医药 消费 产业轮动,0,-1
1401,新能源 基金 长期 定投,黄金 商品 抗通胀,-1,-1
1402,长期 持有 价值,黄金 商品 抗通胀,-1,0
1403,价值 投资 蓝筹 稳健 分红,债券 固收 低波动,0,0
1404,医药 消费 产业轮动,债券 固收 低波动,0,1
1405,黄金 商品 抗通胀,黄金 商品 抗通胀,1,0
1406,黄金 商品 抗通胀,价值 投资 蓝筹 稳健 分红,-1,1
1407,医药 消费 产业轮动,新能源 基金 长期 定投,1,1
1408,价值 投资 蓝筹 稳健 分红,黄金 商品 抗通胀,0,0
1409,AI 半导体 成长 风险承受高,海外 ETF 汇率 风险,0,1
1410,债券 固收 低波动,新能源 基金 长期 定投,-1,1
1411,长期 持有 价值,海外 ETF 汇率 风险,1,0
1412,债券 固收 低波动,新能源 基金 长期 定投,0,-1
1413,黄金 商品 抗通胀,长期 持有 价值,0,0
1414,长期 持有 价值,债券 固收 低波动,1,0
1415,长期 持有 价值,债券 固收 低波动,-1,-1
1416,新能源 基金 长期 定投,黄金 商品 抗通胀,1,-1
1417,债券 固收 低波动,医药 消费 产业轮动,1,-1
1418,新能源 基金 长期 定投,AI 半导体 成长 风险承受高,1,1
1419,AI 半导体 成长 风险承受高,黄金 商品 抗通胀,1,0
1420,AI 半导体 成长 风险承受高,AI 半导体 成长 风险承受高,0,-1
1421,长期 持有 价值,短线 交易 高频,1,0
1422,AI 半导体 成长 风险承受高,海外 ETF 汇率 风险,0,0
1423,价值 投资 蓝筹 稳健 分红,价值 投资 蓝筹 稳健 分红,0,0
1424,债券 固收 低波动,AI 半导体 成长 风险承受高,-1,0
1425,黄金 商品 抗通胀,黄金 商品 抗通胀,0,1
1426,黄金 商品 抗通胀,海外 ETF 汇率 风险,1,1
1427,价值 投资 蓝筹 稳健 分红,医药 消费 产业轮动,-1,0
1428,长期 持有 价值,新能源 基金 长期 定投,1,0
1429,黄金 商品 抗通胀,新能源 基金 长期 定投,-1,-1
1430,价值 投资 蓝筹 稳健 分红,短线 交易 高频,0,-1
1431,短线 交易 高频,医药 消费 产业轮动,1,-1
1432,海外 ETF 汇率 风险,价值 投资 蓝筹 稳健 分红,0,0
1433,AI 半导体 成长 风险承受高,黄金 商品 抗通胀,1,1
1434,黄金 商品 抗通胀,价值 投资 蓝筹 稳健 分红,-1,0
1435,长期 持有 价值,债券 固收 低波动,0,1
1436,价值 投资 蓝筹 稳健 分红,海外 ETF 汇率 风险,1,1
1437,黄金 商品 抗通胀,短线 交易 高频,1,-1
1438,长期 持有 价值,短线 交易 高频,-1,0
1439,海外 ETF 汇率 风险,价值 投资 蓝筹 稳健 分红,0,0
1440,AI 半导体 成长 风险承受高,AI 半导体 成长 风险承受高,1,0
1441,黄金 商品 抗通胀,AI 半导体 成长 风险承受高,-1,0
1442,黄金 商品 抗通胀,新能源 基金 长期 定投,0,0
1443,债券 固收 低波动,海外 ETF 汇率 风险,-1,1
1444,短线 交易 高频,医药 消费 产业轮动,1,0
1445,新能源 基金 长期 定投,债券 固收 低波动,-1,1
1446,债券 固收 低波动,长期 持有 价值,0,-1
1447,医药 消费 产业轮动,AI 半导体 成长 风险承受高,0,-1
1448,医药 消费 产业轮动,海外 ETF 汇率 风险,0,-1
1449,债券 固收 低波动,债券 固收 低波动,-1,-1
1450,价值 投资 蓝筹 稳健 分红,黄金 商品 抗通胀,0,0
1451,短线 交易 高频,新能源 基金 长期 定投,-1,1
1452,新能源 基金 长期 定投,黄金 商品 抗通胀,0,1
1453,价值 投资 蓝筹 稳健 分红,债券 固收 低波动,0,-1
1454,黄金 商品 抗通胀,长期 持有 价值,0,1
1455,价值 投资 蓝筹 稳健 分红,新能源 基金 长期 定投,0,-1
1456,债券 固收 低波动,长期 持有 价值,1,1
1457,债券 固收 低波动,债券 固收 低波动,1,1
1458,新能源 基金 长期 定投,价值 投资 蓝筹 稳健 分红,0,0
1459,医药 消费 产业轮动,医药 消费 产业轮动,1,-1
1460,医药 消费 产业轮动,黄金 商品 抗通胀,1,0
1461,长期 持有 价值,债券 固收 低波动,0,-1
1462,短线 交易 高频,长期 持有 价值,1,1
1463,海外 ETF 汇率 风险,AI 半导体 成长 风险承受高,-1,1
1464,价值 投资 蓝筹 稳健 分红,新能源 基金 长期 定投,0,1
1465,价值 投资 蓝筹 稳健 分红,黄金 商品 抗通胀,0,1
1466,新能源 基金 长期 定投,黄金 商品 抗通胀,1,0
1467,新能源 基金 长期 定投,医药 消费 产业轮动,0,0
1468,海外 ETF 汇率 风险,医药 消费 产业轮动,-1,0
1469,长期 持有 价值,医药 消费 产业轮动,1,1
1470,医药 消费 产业轮动,价值 投资 蓝筹 稳健 分红,-1,0
1471,长期 持有 价值,债券 固收 低波动,0,-1
1472,AI 半导体 成长 风险承受高,债券 固收 低波动,0,0
1473,医药 消费 产业轮动,价值 投资 蓝筹 稳健 分红,0,0
1474,AI 半导体 成长 风险承受高,长期 持有 价值,0,0
1475,黄金 商品 抗通胀,债券 固收 低波动,0,1
1476,海外 ETF 汇率 风险,AI 半导体 成长 风险承受高,0,1
1477,债券 固收 低波动,海外 ETF 汇率 风险,0,1
1478,医药 消费 产业轮动,海外 ETF 汇率 风险,1,1
1479,黄金 商品 抗通胀,短线 交易 高频,0,0
1480,海外 ETF 汇率 风险,AI 半导体 成长 风险承受高,0,-1
1481,债券 固收 低波动,债券 固收 低波动,1,-1
1482,长期 持有 价值,价值 投资 蓝筹 稳健 分红,1,0
1483,黄金 商品 抗通胀,债券 固收 低波动,-1,1
1484,债券 固收 低波动,黄金 商品 抗通胀,1,0
1485,价值 投资 蓝筹 稳健 分红,新能源 基金 长期 定投,0,1
1486,黄金 商品 抗通胀,债券 固收 低波动,-1,0
1487,长期 持有 价值,AI 半导体 成长 风险承受高,-1,0
1488,新能源 基金 长期 定投,短线 交易 高频,1,1
1489,短线 交易 高频,债券 固收 低波动,1,0
1490,债券 固收 低波动,债券 固收 低波动,1,0
1491,长期 持有 价值,长期 持有 价值,1,1
1492,债券 固收 低波动,价值 投资 蓝筹 稳健 分红,0,1
1493,新能源 基金 长期 定投,AI 半导体 成长 风险承受高,0,1
1494,长期 持有 价值,海外 ETF 汇率 风险,-1,0
1495,债券 固收 低波动,价值 投资 蓝筹 稳健 分红,1,0
1496,黄金 商品 抗通胀,海外 ETF 汇率 风险,1,1
1497,海外 ETF 汇率 风险,黄金 商品 抗通胀,-1,1
1498,海外 ETF 汇率 风险,新能源 基金 长期 定投,0,0
1499,债券 固收 低波动,价值 投资 蓝筹 稳健 分红,0,1
1500,债券 固收 低波动,AI 半导体 成长 风险承受高,0,0
1501,债券 固收 低波动,长期 持有 价值,1,1
1502,短线 交易 高频,AI 半导体 成长 风险承受高,1,1
1503,黄金 商品 抗通胀,债券 固收 低波动,0,-1
1504,债券 固收 低波动,AI 半导体 成长 风险承受高,1,-1
1505,医药 消费 产业轮动,AI 半导体 成长 风险承受高,-1,1
1506,短线 交易 高频,短线 交易 高频,-1,1
1507,债券 固收 低波动,AI 半导体 成长 风险承受高,0,0
1508,债券 固收 低波动,短线 交易 高频,0,1
1509,长期 持有 价值,海外 ETF 汇率 风险,-1,-1
1510,新能源 基金 长期 定投,价值 投资 蓝筹 稳健 分红,0,-1
1511,短线 交易 高频,新能源 基金 长期 定投,-1,0
1512,海外 ETF 汇率 风险,AI 半导体 成长 风险承受高,0,0
1513,长期 持有 价值,医药 消费 产业轮动,0,1
1514,债券 固收 低波动,AI 半导体 成长 风险承受高,0,0
1515,短线 交易 高频,价值 投资 蓝筹 稳健 分红,0,1
1516,债券 固收 低波动,短线 交易 高频,0,-1
1517,海外 ETF 汇率 风险,债券 固收 低波动,-1,1
1518,黄金 商品 抗通胀,AI 半导体 成长 风险承受高,0,0
1519,价值 投资 蓝筹 稳健 分红,海外 ETF 汇率 风险,-1,1
1520,新能源 基金 长期 定投,价值 投资 蓝筹 稳健 分红,0,0
1521,海外 ETF 汇率 风险,债券 固收 低波动,-1,-1
1522,长期 持有 价值,新能源 基金 长期 定投,0,0
1523,新能源 基金 长期 定投,长期 持有 价值,0,-1
1524,新能源 基金 长期 定投,债券 固收 低波动,0,0
1525,新能源 基金 长期 定投,新能源 基金 长期 定投,0,1
1526,价值 投资 蓝筹 稳健 分红,海外 ETF 汇率 风险,0,0
1527,黄金 商品 抗通胀,债券 固收 低波动,0,-1
1528,医药 消费 产业轮动,黄金 商品 抗通胀,0,0
1529,短线 交易 高频,医药 消费 产业轮动,1,1
1530,医药 消费 产业轮动,价值 投资 蓝筹 稳健 分红,1,0
1531,债券 固收 低波动,新能源 基金 长期 定投,-1,1
1532,新能源 基金 长期 定投,医药 消费 产业轮动,0,1
1533,长期 持有 价值,短线 交易 高频,0,0
1534,短线 交易 高频,AI 半导体 成长 风险承受高,0,0
1535,医药 消费 产业轮动,短线 交易 高频,0,-1
1536,AI 半导体 成长 风险承受高,长期 持有 价值,1,0
1537,新能源 基金 长期 定投,债券 固收 低波动,1,0
1538,债券 固收 低波动,价值 投资 蓝筹 稳健 分红,0,-1
1539,黄金 商品 抗通胀,长期 持有 价值,0,1
1540,长期 持有 价值,海外 ETF 汇率 风险,1,1
1541,新能源 基金 长期 定投,黄金 商品 抗通胀,0,1
1542,海外 ETF 汇率 风险,海外 ETF 汇率 风险,-1,0
1543,AI 半导体 成长 风险承受高,黄金 商品 抗通胀,1,-1
1544,新能源 基金 长期 定投,医药 消费 产业轮动,1,0
1545,AI 半导体 成长 风险承受高,AI 半导体 成长 风险承受高,1,0
1546,海外 ETF 汇率 风险,AI 半导体 成长 风险承受高,-1,0
1547,短线 交易 高频,海外 ETF 汇率 风险,1,1
1548,新能源 基金 长期 定投,海外 ETF 汇率 风险,0,-1
1549,新能源 基金 长期 定投,黄金 商品 抗通胀,0,1
1550,医药 消费 产业轮动,医药 消费 产业轮动,1,1
1551,海外 ETF 汇率 风险,新能源 基金 长期 定投,0,1
1552,海外 ETF 汇率 风险,新能源 基金 长期 定投,-1,0
1553,AI 半导体 成长 风险承受高,价值 投资 蓝筹 稳健 分红,-1,0
1554,长期 持有 价值,短线 交易 高频,0,-1
1555,黄金 商品 抗通胀,长期 持有 价值,0,1
1556,长期 持有 价值,长期 持有 价值,1,0
1557,AI 半导体 成长 风险承受高,医药 消费 产业轮动,0,1
1558,长期 持有 价值,医药 消费 产业轮动,1,0
1559,长期 持有 价值,AI 半导体 成长 风险承受高,0,-1
1560,价值 投资 蓝筹 稳健 分红,医药 消费 产业轮动,0,-1
1561,海外 ETF 汇率 风险,医药 消费 产业轮动,1,0
1562,短线 交易 高频,债券 固收 低波动,-1,0
1563,新能源 基金 长期 定投,债券 固收 低波动,0,0
1564,黄金 商品 抗通胀,长期 持有 价值,1,0
1565,黄金 商品 抗通胀,黄金 商品 抗通胀,0,0
1566,医药 消费 产业轮动,海外 ETF 汇率 风险,-1,0
1567,长期 持有 价值,海外 ETF 汇率 风险,0,1
1568,长期 持有 价值,债券 固收 低波动,0,-1
1569,AI 半导体 成长 风险承受高,长期 持有 价值,0,-1
1570,海外 ETF 汇率 风险,海外 ETF 汇率 风险,1,0
1571,新能源 基金 长期 定投,债券 固收 低波动,1,-1
1572,海外 ETF 汇率 风险,长期 持有 价值,-1,-1
1573,长期 持有 价值,价值 投资 蓝筹 稳健 分红,0,0
1574,债券 固收 低波动,黄金 商品 抗通胀,1,0
1575,债券 固收 低波动,价值 投资 蓝筹 稳健 分红,0,-1
1576,黄金 商品 抗通胀,黄金 商品 抗通胀,0,1
1577,AI 半导体 成长 风险承受高,黄金 商品 抗通胀,0,0
1578,债券 固收 低波动,海外 ETF 汇率 风险,0,0
1579,短线 交易 高频,医药 消费 产业轮动,1,0
1580,价值 投资 蓝筹 稳健 分红,医药 消费 产业轮动,1,-1
1581,新能源 基金 长期 定投,海外 ETF 汇率 风险,0,1
1582,价值 投资 蓝筹 稳健 分红,长期 持有 价值,0,0
1583,黄金 商品 抗通胀,黄金 商品 抗通胀,0,-1
1584,医药 消费 产业轮动,新能源 基金 长期 定投,0,-1
1585,医药 消费 产业轮动,医药 消费 产业轮动,0,1
1586,长期 持有 价值,AI 半导体 成长 风险承受高,-1,0
1587,医药 消费 产业轮动,新能源 基金 长期 定投,1,0
1588,海外 ETF 汇率 风险,新能源 基金 长期 定投,0,1
1589,黄金 商品 抗通胀,黄金 商品 抗通胀,-1,0
1590,AI 半导体 成长 风险承受高,黄金 商品 抗通胀,1,-1
1591,医药 消费 产业轮动,医药 消费 产业轮动,1,-1
1592,医药 消费 产业轮动,黄金 商品 抗通胀,1,-1
1593,价值 投资 蓝筹 稳健 分红,海外 ETF 汇率 风险,0,0
1594,海外 ETF 汇率 风险,AI 半导体 成长 风险承受高,1,1
1595,新能源 基金 长期 定投,长期 持有 价值,0,0
1596,债券 固收 低波动,长期 持有 价值,0,1
1597,海外 ETF 汇率 风险,医药 消费 产业轮动,0,0
1598,黄金 商品 抗通胀,债券 固收 低波动,-1,0
1599,长期 持有 价值,短线 交易 高频,0,0
1600,债券 固收 低波动,价值 投资 蓝筹 稳健 分红,0,-1
1601,新能源 基金 长期 定投,债券 固收 低波动,0,1
1602,医药 消费 产业轮动,AI 半导体 成长 风险承受高,0,1
1603,长期 持有 价值,长期 持有 价值,0,0
1604,海外 ETF 汇率 风险,海外 ETF 汇率 风险,1,0
1605,债券 固收 低波动,AI 半导体 成长 风险承受高,-1,-1
1606,黄金 商品 抗通胀,黄金 商品 抗通胀,0,-1
1607,债券 固收 低波动,AI 半导体 成长 风险承受高,1,1
1608,长期 持有 价值,价值 投资 蓝筹 稳健 分红,1,0
1609,海外 ETF 汇率 风险,海外 ETF 汇率 风险,0,0
1610,AI 半导体 成长 风险承受高,新能源 基金 长期 定投,0,0
1611,黄金 商品 抗通胀,长期 持有 价值,0,-1
1612,新能源 基金 长期 定投,价值 投资 蓝筹 稳健 分红,0,0
1613,债券 固收 低波动,长期 持有 价值,0,0
1614,短线 交易 高频,海外 ETF 汇率 风险,0,1
1615,医药 消费 产业轮动,新能源 基金 长期 定投,1,1
1616,长期 持有 价值,新能源 基金 长期 定投,0,0
1617,黄金 商品 抗通胀,短线 交易 高频,0,1
1618,长期 持有 价值,AI 半导体 成长 风险承受高,0,0
1619,AI 半导体 成长 风险承受高,新能源 基金 长期 定投,0,0
1620,黄金 商品 抗通胀,短线 交易 高频,0,1
1621,黄金 商品 抗通胀,债券 固收 低波动,0,-1
1622,债券 固收 低波动,价值 投资 蓝筹 稳健 分红,0,0
1623,债券 固收 低波动,价值 投资 蓝筹 稳健 分红,1,-1
1624,新能源 基金 长期 定投,债券 固收 低波动,-1,1
1625,黄金 商品 抗通胀,海外 ETF 汇率 风险,1,0
1626,债券 固收 低波动,债券 固收 低波动,0,-1
1627,价值 投资 蓝筹 稳健 分红,海外 ETF 汇率 风险,-1,0
1628,价值 投资 蓝筹 稳健 分红,AI 半导体 成长 风险承受高,0,1
1629,黄金 商品 抗通胀,黄金 商品 抗通胀,0,1
1630,短线 交易 高频,海外 ETF 汇率 风险,1,-1
1631,短线 交易 高频,债券 固收 低波动,0,1
1632,AI 半导体 成长 风险承受高,短线 交易 高频,1,1
1633,长期 持有 价值,价值 投资 蓝筹 稳健 分红,0,0
1634,新能源 基金 长期 定投,海外 ETF 汇率 风险,0,1
1635,AI 半导体 成长 风险承受高,价值 投资 蓝筹 稳健 分红,0,0
1636,新能源 基金 长期 定投,医药 消费 产业轮动,0,1
1637,AI 半导体 成长 风险承受高,债券 固收 低波动,1,0
1638,价值 投资 蓝筹 稳健 分红,医药 消费 产业轮动,1,0
1639,AI 半导体 成长 风险承受高,短线 交易 高频,-1,1
1640,长期 持有 价值,长期 持有 价值,0,-1
1641,医药 消费 产业轮动,价值 投资 蓝筹 稳健 分红,1,0
1642,债券 固收 低波动,长期 持有 价值,0,0
1643,短线 交易 高频,价值 投资 蓝筹 稳健 分红,1,0
1644,债券 固收 低波动,黄金 商品 抗通胀,-1,0
1645,长期 持有 价值,债券 固收 低波动,1,0
1646,新能源 基金 长期 定投,短线 交易 高频,0,0
1647,海外 ETF 汇率 风险,新能源 基金 长期 定投,0,1
1648,黄金 商品 抗通胀,新能源 基金 长期 定投,1,0
1649,海外 ETF 汇率 风险,黄金 商品 抗通胀,0,0
1650,短线 交易 高频,AI 半导体 成长 风险承受高,-1,1
1651,长期 持有 价值,黄金 商品 抗通胀,1,-1
1652,海外 ETF 汇率 风险,海外 ETF 汇率 风险,1,0
1653,短线 交易 高频,海外 ETF 汇率 风险,0,0
1654,长期 持有 价值,新能源 基金 长期 定投,0,-1
1655,海外 ETF 汇率 风险,债券 固收 低波动,0,-1
1656,海外 ETF 汇率 风险,黄金 商品 抗通胀,1,1
1657,债券 固收 低波动,长期 持有 价值,1,1
1658,海外 ETF 汇率 风险,海外 ETF 汇率 风险,0,1
1659,AI 半导体 成长 风险承受高,长期 持有 价值,1,0
1660,短线 交易 高频,价值 投资 蓝筹 稳健 分红,0,1
1661,黄金 商品 抗通胀,价值 投资 蓝筹 稳健 分红,1,0
1662,债券 固收 低波动,债券 固收 低波动,0,0
1663,海外 ETF 汇率 风险,债券 固收 低波动,1,1
1664,海外 ETF 汇率 风险,AI 半导体 成长 风险承受高,0,1
1665,价值 投资 蓝筹 稳健 分红,短线 交易 高频,-1,0
1666,长期 持有 价值,海外 ETF 汇率 风险,0,0
1667,长期 持有 价值,海外 ETF 汇率 风险,0,0
1668,黄金 商品 抗通胀,新能源 基金 长期 定投,0,0
1669,债券 固收 低波动,黄金 商品 抗通胀,0,1
1670,债券 固收 低波动,海外 ETF 汇率 风险,0,0
1671,AI 半导体 成长 风险承受高,短线 交易 高频,1,1
1672,短线 交易 高频,医药 消费 产业轮动,1,1
1673,海外 ETF 汇率 风险,海外 ETF 汇率 风险,0,-1
1674,债券 固收 低波动,债券 固收 低波动,1,-1
1675,价值 投资 蓝筹 稳健 分红,短线 交易 高频,0,0
1676,价值 投资 蓝筹 稳健 分红,短线 交易 高频,0,1
1677,价值 投资 蓝筹 稳健 分红,价值 投资 蓝筹 稳健 分红,0,0
1678,价值 投资 蓝筹 稳健 分红,AI 半导体 成长 风险承受高,0,1
1679,新能源 基金 长期 定投,医药 消费 产业轮动,0,-1
1680,AI 半导体 成长 风险承受高,AI 半导体 成长 风险承受高,0,0
1681,新能源 基金 长期 定投,债券 固收 低波动,0,0
1682,债券 固收 低波动,AI 半导体 成长 风险承受高,0,0
1683,短线 交易 高频,AI 半导体 成长 风险承受高,-1,0
1684,价值 投资 蓝筹 稳健 分红,医药 消费 产业轮动,-1,0
1685,黄金 商品 抗通胀,海外 ETF 汇率 风险,1,0
1686,AI 半导体 成长 风险承受高,长期 持有 价值,-1,0
1687,AI 半导体 成长 风险承受高,海外 ETF 汇率 风险,-1,1
1688,医药 消费 产业轮动,医药 消费 产业轮动,0,0
1689,海外 ETF 汇率 风险,价值 投资 蓝筹 稳健 分红,0,1
1690,短线 交易 高频,短线 交易 高频,-1,1
1691,黄金 商品 抗通胀,债券 固收 低波动,-1,0
1692,债券 固收 低波动,长期 持有 价值,-1,0
1693,价值 投资 蓝筹 稳健 分红,新能源 基金 长期 定投,-1,0
1694,债券 固收 低波动,医药 消费 产业轮动,0,0
1695,AI 半导体 成长 风险承受高,短线 交易 高频,-1,1
1696,价值 投资 蓝筹 稳健 分红,新能源 基金 长期 定投,1,0
1697,AI 半导体 成长 风险承受高,长期 持有 价值,0,1
1698,海外 ETF 汇率 风险,海外 ETF 汇率 风险,1,-1
1699,新能源 基金 长期 定投,黄金 商品 抗通胀,1,-1
1700,短线 交易 高频,长期 持有 价值,1,-1
1701,新能源 基金 长期 定投,长期 持有 价值,0,0
1702,医药 消费 产业轮动,短线 交易 高频,1,0
1703,医药 消费 产业轮动,医药 消费 产业轮动,0,0
1704,债券 固收 低波动,黄金 商品 抗通胀,-1,1
1705,新能源 基金 长期 定投,债券 固收 低波动,0,1
1706,长期 持有 价值,价值 投资 蓝筹 稳健 分红,1,-1
1707,长期 持有 价值,债券 固收 低波动,0,1
1708,AI 半导体 成长 风险承受高,AI 半导体 成长 风险承受高,-1,1
1709,医药 消费 产业轮动,长期 持有 价值,1,0
1710,AI 半导体 成长 风险承受高,债券 固收 低波动,1,-1
1711,短线 交易 高频,债券 固收 低波动,0,0
1712,医药 消费 产业轮动,医药 消费 产业轮动,1,-1
1713,长期 持有 价值,AI 半导体 成长 风险承受高,0,1
1714,黄金 商品 抗通胀,黄金 商品 抗通胀,0,-1
1715,价值 投资 蓝筹 稳健 分红,AI 半导体 成长 风险承受高,-1,0
1716,黄金 商品 抗通胀,价值 投资 蓝筹 稳健 分红,0,-1
1717,海外 ETF 汇率 风险,新能源 基金 长期 定投,-1,1
1718,债券 固收 低波动,医药 消费 产业轮动,0,0
1719,医药 消费 产业轮动,黄金 商品 抗通胀,0,-1
1720,长期 持有 价值,价值 投资 蓝筹 稳健 分红,0,-1
1721,价值 投资 蓝筹 稳健 分红,债券 固收 低波动,0,0
1722,黄金 商品 抗通胀,AI 半导体 成长 风险承受高,-1,0
1723,长期 持有 价值,短线 交易 高频,0,1
1724,海外 ETF 汇率 风险,黄金 商品 抗通胀,0,0
1725,价值 投资 蓝筹 稳健 分红,短线 交易 高频,0,0
1726,价值 投资 蓝筹 稳健 分红,海外 ETF 汇率 风险,1,1
1727,AI 半导体 成长 风险承受高,价值 投资 蓝筹 稳健 分红,-1,0
1728,新能源 基金 长期 定投,AI 半导体 成长 风险承受高,1,-1
1729,医药 消费 产业轮动,医药 消费 产业轮动,1,-1
1730,海外 ETF 汇率 风险,短线 交易 高频,0,0
1731,黄金 商品 抗通胀,长期 持有 价值,0,0
1732,价值 投资 蓝筹 稳健 分红,价值 投资 蓝筹 稳健 分红,1,0
1733,AI 半导体 成长 风险承受高,医药 消费 产业轮动,0,-1
1734,价值 投资 蓝筹 稳健 分红,黄金 商品 抗通胀,1,-1
1735,海外 ETF 汇率 风险,新能源 基金 长期 定投,0,0
1736,AI 半导体 成长 风险承受高,长期 持有 价值,1,0
1737,债券 固收 低波动,债券 固收 低波动,0,0
1738,新能源 基金 长期 定投,黄金 商品 抗通胀,-1,0
1739,价值 投资 蓝筹 稳健 分红,AI 半导体 成长 风险承受高,0,0
1740,债券 固收 低波动,长期 持有 价值,0,1
1741,海外 ETF 汇率 风险,价值 投资 蓝筹 稳健 分红,1,-1
1742,长期 持有 价值,黄金 商品 抗通胀,-1,-1
1743,债券 固收 低波动,医药 消费 产业轮动,0,1
1744,短线 交易 高频,医药 消费 产业轮动,0,1
1745,新能源 基金 长期 定投,AI 半导体 成长 风险承受高,1,0
1746,长期 持有 价值,医药 消费 产业轮动,1,0
1747,短线 交易 高频,新能源 基金 长期 定投,-1,0
1748,短线 交易 高频,医药 消费 产业轮动,1,1
1749,医药 消费 产业轮动,长期 持有 价值,-1,-1
1750,海外 ETF 汇率 风险,AI 半导体 成长 风险承受高,1,1
1751,新能源 基金 长期 定投,长期 持有 价值,0,-1
1752,短线 交易 高频,债券 固收 低波动,-1,1
1753,短线 交易 高频,价值 投资 蓝筹 稳健 分红,0,-1
1754,债券 固收 低波动,医药 消费 产业轮动,0,0
1755,新能源 基金 长期 定投,新能源 基金 长期 定投,1,1
1756,长期 持有 价值,价值 投资 蓝筹 稳健 分红,1,0
1757,新能源 基金 长期 定投,债券 固收 低波动,0,1
1758,AI 半导体 成长 风险承受高,医药 消费 产业轮动,-1,0
1759,价值 投资 蓝筹 稳健 分红,AI 半导体 成长 风险承受高,0,1
1760,AI 半导体 成长 风险承受高,医药 消费 产业轮动,1,0
1761,债券 固收 低波动,长期 持有 价值,-1,1
1762,新能源 基金 长期 定投,AI 半导体 成长 风险承受高,-1,-1
1763,债券 固收 低波动,黄金 商品 抗通胀,0,1
1764,医药 消费 产业轮动,医药 消费 产业轮动,0,1
1765,长期 持有 价值,新能源 基金 长期 定投,0,0
1766,短线 交易 高频,医药 消费 产业轮动,1,1
1767,债券 固收 低波动,新能源 基金 长期 定投,0,-1
1768,海外 ETF 汇率 风险,海外 ETF 汇率 风险,1,1
1769,价值 投资 蓝筹 稳健 分红,海外 ETF 汇率 风险,0,0
1770,黄金 商品 抗通胀,长期 持有 价值,1,-1
1771,黄金 商品 抗通胀,价值 投资 蓝筹 稳健 分红,1,1
1772,价值 投资 蓝筹 稳健 分红,AI 半导体 成长 风险承受高,0,-1
1773,AI 半导体 成长 风险承受高,海外 ETF 汇率 风险,0,0
1774,医药 消费 产业轮动,长期 持有 价值,-1,0
1775,短线 交易 高频,黄金 商品 抗通胀,-1,0
1776,债券 固收 低波动,黄金 商品 抗通胀,1,0
1777,长期 持有 价值,债券 固收 低波动,0,-1
1778,海外 ETF 汇率 风险,债券 固收 低波动,0,-1
1779,债券 固收 低波动,短线 交易 高频,0,0
1780,长期 持有 价值,海外 ETF 汇率 风险,0,1
1781,海外 ETF 汇率 风险,医药 消费 产业轮动,0,1
1782,海外 ETF 汇率 风险,新能源 基金 长期 定投,-1,0
1783,AI 半导体 成长 风险承受高,黄金 商品 抗通胀,1,-1
1784,债券 固收 低波动,黄金 商品 抗通胀,-1,0
1785,黄金 商品 抗通胀,医药 消费 产业轮动,1,0
1786,债券 固收 低波动,海外 ETF 汇率 风险,-1,0
1787,长期 持有 价值,医药 消费 产业轮动,0,0
1788,长期 持有 价值,长期 持有 价值,1,0
1789,新能源 基金 长期 定投,价值 投资 蓝筹 稳健 分红,0,1
1790,海外 ETF 汇率 风险,债券 固收 低波动,-1,0
1791,新能源 基金 长期 定投,海外 ETF 汇率 风险,1,0
1792,债券 固收 低波动,新能源 基金 长期 定投,1,0
1793,新能源 基金 长期 定投,医药 消费 产业轮动,0,-1
1794,短线 交易 高频,债券 固收 低波动,0,1
1795,黄金 商品 抗通胀,AI 半导体 成长 风险承受高,0,0
1796,黄金 商品 抗通胀,债券 固收 低波动,0,1
1797,黄金 商品 抗通胀,医药 消费 产业轮动,-1,-1
1798,价值 投资 蓝筹 稳健 分红,债券 固收 低波动,1,1
1799,短线 交易 高频,价值 投资 蓝筹 稳健 分红,-1,0
1800,AI 半导体 成长 风险承受高,新能源 基金 长期 定投,-1,0
1801,黄金 商品 抗通胀,价值 投资 蓝筹 稳健 分红,0,1
1802,新能源 基金 长期 定投,AI 半导体 成长 风险承受高,0,1
1803,短线 交易 高频,新能源 基金 长期 定投,-1,1
1804,短线 交易 高频,长期 持有 价值,-1,0
1805,长期 持有 价值,黄金 商品 抗通胀,-1,0
1806,AI 半导体 成长 风险承受高,新能源 基金 长期 定投,1,0
1807,新能源 基金 长期 定投,黄金 商品 抗通胀,0,0
1808,医药 消费 产业轮动,新能源 基金 长期 定投,0,1
1809,医药 消费 产业轮动,债券 固收 低波动,0,-1
1810,AI 半导体 成长 风险承受高,AI 半导体 成长 风险承受高,1,0
1811,黄金 商品 抗通胀,短线 交易 高频,1,0
1812,黄金 商品 抗通胀,新能源 基金 长期 定投,0,0
1813,海外 ETF 汇率 风险,长期 持有 价值,-1,-1
1814,新能源 基金 长期 定投,新能源 基金 长期 定投,1,0
1815,黄金 商品 抗通胀,新能源 基金 长期 定投,-1,0
1816,医药 消费 产业轮动,短线 交易 高频,1,0
1817,医药 消费 产业轮动,AI 半导体 成长 风险承受高,0,0
1818,黄金 商品 抗通胀,海外 ETF 汇率 风险,0,0
1819,短线 交易 高频,长期 持有 价值,-1,0
1820,债券 固收 低波动,价值 投资 蓝筹 稳健 分红,1,-1
1821,AI 半导体 成长 风险承受高,长期 持有 价值,0,0
1822,医药 消费 产业轮动,债券 固收 低波动,0,1
1823,价值 投资 蓝筹 稳健 分红,长期 持有 价值,0,0
1824,债券 固收 低波动,价值 投资 蓝筹 稳健 分红,-1,0
1825,AI 半导体 成长 风险承受高,长期 持有 价值,0,0
1826,长期 持有 价值,长期 持有 价值,0,-1
1827,黄金 商品 抗通胀,债券 固收 低波动,1,1
1828,价值 投资 蓝筹 稳健 分红,海外 ETF 汇率 风险,-1,0
1829,长期 持有 价值,价值 投资 蓝筹 稳健 分红,-1,-1
1830,新能源 基金 长期 定投,医药 消费 产业轮动,0,0
1831,AI 半导体 成长 风险承受高,债券 固收 低波动,0,0
1832,AI 半导体 成长 风险承受高,长期 持有 价值,0,0
1833,价值 投资 蓝筹 稳健 分红,海外 ETF 汇率 风险,1,0
1834,短线 交易 高频,债券 固收 低波动,-1,0
1835,价值 投资 蓝筹 稳健 分红,医药 消费 产业轮动,-1,0
1836,黄金 商品 抗通胀,价值 投资 蓝筹 稳健 分红,0,0
1837,长期 持有 价值,海外 ETF 汇率 风险,-1,0
1838,短线 交易 高频,债券 固收 低波动,0,1
1839,债券 固收 低波动,价值 投资 蓝筹 稳健 分红,0,0
1840,海外 ETF 汇率 风险,海外 ETF 汇率 风险,1,1
1841,债券 固收 低波动,债券 固收 低波动,0,-1
1842,AI 半导体 成长 风险承受高,医药 消费 产业轮动,1,0
1843,医药 消费 产业轮动,债券 固收 低波动,0,1
1844,价值 投资 蓝筹 稳健 分红,AI 半导体 成长 风险承受高,-1,0
1845,短线 交易 高频,短线 交易 高频,0,0
1846,海外 ETF 汇率 风险,黄金 商品 抗通胀,-1,-1
1847,新能源 基金 长期 定投,价值 投资 蓝筹 稳健 分红,1,0
1848,价值 投资 蓝筹 稳健 分红,新能源 基金 长期 定投,1,0
1849,长期 持有 价值,海外 ETF 汇率 风险,0,0
1850,债券 固收 低波动,黄金 商品 抗通胀,1,0
1851,黄金 商品 抗通胀,债券 固收 低波动,0,0
1852,新能源 基金 长期 定投,短线 交易 高频,1,1
1853,长期 持有 价值,黄金 商品 抗通胀,1,0
1854,AI 半导体 成长 风险承受高,价值 投资 蓝筹 稳健 分红,0,-1
1855,海外 ETF 汇率 风险,AI 半导体 成长 风险承受高,1,0
1856,短线 交易 高频,黄金 商品 抗通胀,0,1
1857,短线 交易 高频,长期 持有 价值,0,0
1858,债券 固收 低波动,医药 消费 产业轮动,1,1
1859,医药 消费 产业轮动,AI 半导体 成长 风险承受高,1,0
1860,医药 消费 产业轮动,黄金 商品 抗通胀,1,1
1861,医药 消费 产业轮动,海外 ETF 汇率 风险,1,-1
1862,黄金 商品 抗通胀,短线 交易 高频,1,0
1863,短线 交易 高频,AI 半导体 成长 风险承受高,1,1
1864,海外 ETF 汇率 风险,价值 投资 蓝筹 稳健 分红,0,1
1865,新能源 基金 长期 定投,医药 消费 产业轮动,0,-1
1866,长期 持有 价值,AI 半导体 成长 风险承受高,-1,0
1867,黄金 商品 抗通胀,短线 交易 高频,0,1
1868,长期 持有 价值,AI 半导体 成长 风险承受高,0,0
1869,新能源 基金 长期 定投,新能源 基金 长期 定投,0,0
1870,债券 固收 低波动,新能源 基金 长期 定投,1,-1
1871,医药 消费 产业轮动,价值 投资 蓝筹 稳健 分红,-1,0
1872,医药 消费 产业轮动,新能源 基金 长期 定投,0,0
1873,债券 固收 低波动,价值 投资 蓝筹 稳健 分红,0,0
1874,价值 投资 蓝筹 稳健 分红,长期 持有 价值,0,1
1875,新能源 基金 长期 定投,新能源 基金 长期 定投,0,0
1876,长期 持有 价值,价值 投资 蓝筹 稳健 分红,1,-1
1877,AI 半导体 成长 风险承受高,长期 持有 价值,-1,0
1878,债券 固收 低波动,海外 ETF 汇率 风险,1,-1
1879,黄金 商品 抗通胀,短线 交易 高频,0,0
1880,价值 投资 蓝筹 稳健 分红,医药 消费 产业轮动,0,0
1881,新能源 基金 长期 定投,债券 固收 低波动,-1,0
1882,AI 半导体 成长 风险承受高,长期 持有 价值,1,0
1883,AI 半导体 成长 风险承受高,医药 消费 产业轮动,0,-1
1884,长期 持有 价值,海外 ETF 汇率 风险,0,1
1885,黄金 商品 抗通胀,医药 消费 产业轮动,0,0
1886,医药 消费 产业轮动,AI 半导体 成长 风险承受高,-1,0
1887,债券 固收 低波动,短线 交易 高频,-1,-1
1888,新能源 基金 长期 定投,黄金 商品 抗通胀,-1,0
1889,债券 固收 低波动,医药 消费 产业轮动,1,-1
1890,医药 消费 产业轮动,医药 消费 产业轮动,1,0
1891,新能源 基金 长期 定投,新能源 基金 长期 定投,0,1
1892,AI 半导体 成长 风险承受高,长期 持有 价值,1,1
1893,价值 投资 蓝筹 稳健 分红,债券 固收 低波动,1,0
1894,长期 持有 价值,海外 ETF 汇率 风险,0,0
1895,海外 ETF 汇率 风险,价值 投资 蓝筹 稳健 分红,-1,0
1896,新能源 基金 长期 定投,价值 投资 蓝筹 稳健 分红,0,-1
1897,价值 投资 蓝筹 稳健 分红,短线 交易 高频,1,0
1898,医药 消费 产业轮动,AI 半导体 成长 风险承受高,0,0
1899,AI 半导体 成长 风险承受高,长期 持有 价值,0,0
1900,海外 ETF 汇率 风险,短线 交易 高频,-1,0
1901,长期 持有 价值,海外 ETF 汇率 风险,1,0
1902,AI 半导体 成长 风险承受高,新能源 基金 长期 定投,1,0
1903,长期 持有 价值,AI 半导体 成长 风险承受高,-1,0
1904,AI 半导体 成长 风险承受高,价值 投资 蓝筹 稳健 分红,-1,1
1905,债券 固收 低波动,医药 消费 产业轮动,1,0
1906,黄金 商品 抗通胀,黄金 商品 抗通胀,0,1
1907,债券 固收 低波动,短线 交易 高频,1,0
1908,长期 持有 价值,长期 持有 价值,1,0
1909,新能源 基金 长期 定投,长期 持有 价值,0,1
1910,AI 半导体 成长 风险承受高,AI 半导体 成长 风险承受高,0,0
1911,黄金 商品 抗通胀,长期 持有 价值,1,1
1912,AI 半导体 成长 风险承受高,短线 交易 高频,1,0
1913,长期 持有 价值,价值 投资 蓝筹 稳健 分红,-1,0
1914,价值 投资 蓝筹 稳健 分红,黄金 商品 抗通胀,-1,1
1915,新能源 基金 长期 定投,短线 交易 高频,1,0
1916,长期 持有 价值,海外 ETF 汇率 风险,0,-1
1917,短线 交易 高频,短线 交易 高频,-1,1
1918,债券 固收 低波动,价值 投资 蓝筹 稳健 分红,0,0
1919,长期 持有 价值,AI 半导体 成长 风险承受高,0,1
1920,长期 持有 价值,价值 投资 蓝筹 稳健 分红,0,0
1921,短线 交易 高频,海外 ETF 汇率 风险,-1,-1
1922,AI 半导体 成长 风险承受高,海外 ETF 汇率 风险,-1,1
1923,AI 半导体 成长 风险承受高,新能源 基金 长期 定投,0,0
1924,AI 半导体 成长 风险承受高,黄金 商品 抗通胀,0,0
1925,海外 ETF 汇率 风险,长期 持有 价值,0,1
1926,长期 持有 价值,医药 消费 产业轮动,1,1
1927,黄金 商品 抗通胀,债券 固收 低波动,0,1
1928,新能源 基金 长期 定投,海外 ETF 汇率 风险,1,0
1929,价值 投资 蓝筹 稳健 分红,海外 ETF 汇率 风险,0,1
1930,债券 固收 低波动,医药 消费 产业轮动,0,0
1931,黄金 商品 抗通胀,债券 固收 低波动,0,-1
1932,海外 ETF 汇率 风险,海外 ETF 汇率 风险,0,1
1933,新能源 基金 长期 定投,AI 半导体 成长 风险承受高,1,1
1934,AI 半导体 成长 风险承受高,海外 ETF 汇率 风险,0,0
1935,价值 投资 蓝筹 稳健 分红,新能源 基金 长期 定投,0,-1
1936,海外 ETF 汇率 风险,债券 固收 低波动,0,0
1937,海外 ETF 汇率 风险,黄金 商品 抗通胀,0,0
1938,医药 消费 产业轮动,海外 ETF 汇率 风险,-1,1
1939,AI 半导体 成长 风险承受高,黄金 商品 抗通胀,-1,0
1940,医药 消费 产业轮动,长期 持有 价值,0,-1
1941,债券 固收 低波动,AI 半导体 成长 风险承受高,0,0
1942,海外 ETF 汇率 风险,医药 消费 产业轮动,0,0
1943,AI 半导体 成长 风险承受高,新能源 基金 长期 定投,1,1
1944,债券 固收 低波动,新能源 基金 长期 定投,-1,0
1945,价值 投资 蓝筹 稳健 分红,债券 固收 低波动,0,0
1946,海外 ETF 汇率 风险,医药 消费 产业轮动,1,0
1947,债券 固收 低波动,医药 消费 产业轮动,1,1
1948,AI 半导体 成长 风险承受高,长期 持有 价值,0,1
1949,短线 交易 高频,债券 固收 低波动,1,1
1950,短线 交易 高频,新能源 基金 长期 定投,1,0
1951,债券 固收 低波动,价值 投资 蓝筹 稳健 分红,-1,0
1952,价值 投资 蓝筹 稳健 分红,债券 固收 低波动,-1,-1
1953,债券 固收 低波动,价值 投资 蓝筹 稳健 分红,-1,0
1954,新能源 基金 长期 定投,医药 消费 产业轮动,-1,1
1955,新能源 基金 长期 定投,新能源 基金 长期 定投,0,0
1956,AI 半导体 成长 风险承受高,黄金 商品 抗通胀,0,0
1957,价值 投资 蓝筹 稳健 分红,价值 投资 蓝筹 稳健 分红,0,0
1958,AI 半导体 成长 风险承受高,医药 消费 产业轮动,0,-1
1959,医药 消费 产业轮动,黄金 商品 抗通胀,0,0
1960,长期 持有 价值,短线 交易 高频,0,0
1961,黄金 商品 抗通胀,AI 半导体 成长 风险承受高,1,0
1962,AI 半导体 成长 风险承受高,债券 固收 低波动,-1,0
1963,黄金 商品 抗通胀,债券 固收 低波动,1,0
1964,债券 固收 低波动,债券 固收 低波动,0,-1
1965,医药 消费 产业轮动,海外 ETF 汇率 风险,0,0
1966,新能源 基金 长期 定投,债券 固收 低波动,0,0
1967,长期 持有 价值,海外 ETF 汇率 风险,-1,-1
1968,债券 固收 低波动,长期 持有 价值,1,1
1969,黄金 商品 抗通胀,医药 消费 产业轮动,-1,0
1970,价值 投资 蓝筹 稳健 分红,长期 持有 价值,0,0
1971,医药 消费 产业轮动,新能源 基金 长期 定投,0,1
1972,价值 投资 蓝筹 稳健 分红,价值 投资 蓝筹 稳健 分红,-1,0
1973,新能源 基金 长期 定投,债券 固收 低波动,1,0
1974,新能源 基金 长期 定投,长期 持有 价值,0,0
1975,医药 消费 产业轮动,债券 固收 低波动,0,-1
1976,长期 持有 价值,黄金 商品 抗通胀,0,0
1977,价值 投资 蓝筹 稳健 分红,医药 消费 产业轮动,1,0
1978,海外 ETF 汇率 风险,黄金 商品 抗通胀,0,-1
1979,短线 交易 高频,短线 交易 高频,-1,1
1980,长期 持有 价值,AI 半导体 成长 风险承受高,0,-1
1981,短线 交易 高频,价值 投资 蓝筹 稳健 分红,1,1
1982,短线 交易 高频,海外 ETF 汇率 风险,0,0
1983,价值 投资 蓝筹 稳健 分红,长期 持有 价值,0,0
1984,AI 半导体 成长 风险承受高,长期 持有 价值,1,0
1985,海外 ETF 汇率 风险,债券 固收 低波动,-1,0
1986,债券 固收 低波动,新能源 基金 长期 定投,0,1
1987,新能源 基金 长期 定投,医药 消费 产业轮动,0,0
1988,黄金 商品 抗通胀,黄金 商品 抗通胀,0,1
1989,债券 固收 低波动,新能源 基金 长期 定投,1,0
1990,医药 消费 产业轮动,短线 交易 高频,0,1
1991,长期 持有 价值,海外 ETF 汇率 风险,1,0
1992,AI 半导体 成长 风险承受高,新能源 基金 长期 定投,0,0
1993,短线 交易 高频,AI 半导体 成长 风险承受高,1,0
1994,黄金 商品 抗通胀,海外 ETF 汇率 风险,0,1
1995,短线 交易 高频,债券 固收 低波动,0,1
1996,黄金 商品 抗通胀,海外 ETF 汇率 风险,0,-1
1997,新能源 基金 长期 定投,黄金 商品 抗通胀,0,-1
1998,债券 固收 低波动,医药 消费 产业轮动,-1,0
1999,新能源 基金 长期 定投,短线 交易 高频,1,0
