day,mkt_ret,mkt_vol
0,-0.013713777432749945,0.13277413806500837
1,-0.0027156056663121303,0.18613013483050075
2,0.0009123096525887743,0.16439998777369055
3,-0.0014820741809966577,0.17014739299571768
4,-0.015921352496329536,0.1608175161489689
5,0.012015917063236467,0.17022637374228555
6,0.022041982333569365,0.1764755879543351
7,0.013309876791726228,0.13626592855226907
8,0.011355232687864716,0.1541445280709808
9,0.0027611960514560305,0.23716291874348452
10,-0.00792997370727137,0.15710155145005694
11,0.0012252805263596764,0.1521281748226959
12,0.021555880368415038,0.15514422536131997
13,-0.0030198811250705605,0.139104574084189
14,-0.004049572478239416,0.12823220181395983
15,0.01157303659103914,0.16043392621827157
16,0.012236860507455958,0.12471423990204243
17,-0.007979018057748035,0.1427242535261392
18,-0.002114846132374226,0.11047426467368562
19,-0.004519054959014345,0.15540059022671587
20,0.0011968937906109032,0.17920974720880137
21,0.011536866709514928,0.13940425700445422
22,-0.00754027521128091,0.05
23,0.011396648122369367,0.1795185772027736
24,0.001516512489213085,0.156009192137988
25,0.02376192136314278,0.100338427499327
26,0.0036883088437087356,0.18866351211616367
27,-0.00046918569629265266,0.08007873996420763
28,0.006247147271159924,0.2022703807662234
29,-0.002871462378872101,0.14713166901763935
30,-0.017452731233518256,0.05
31,-0.00190521174271098,0.15891647936316186
32,-0.0020629360906922506,0.1296903815954532
33,-0.015423174605498118,0.12215753540884318
34,-0.00023035189794492767,0.11311371192718908
35,-0.02017110224609397,0.14363921045700637
36,-0.0029768683515547924,0.12574056594164293
37,0.0029359599204467233,0.05716548784058072
38,0.001469961771382324,0.21360339433386022
39,-0.0036106947288681818,0.13778211720190975
40,-0.00035530401948071486,0.11340324920608683
41,-0.007340644374778308,0.09357881587273344
42,0.0006081651942253477,0.18853660337264605
43,0.0010808640659177092,0.08507840154517375
44,-0.008502499779015097,0.15669936509289834
45,0.0031769920050909767,0.12081754990632093
46,0.003114526550804537,0.12372901697188338
47,-0.001162099135810711,0.094822023451205
48,0.02471047036286818,0.11898402837391699
49,-0.0009070238668430859,0.15044061957534288
50,-0.002292342453730181,0.16176561131744965
51,-0.003723931092077327,0.11072037593585107
52,-0.009209392230763997,0.14545327987812928
53,0.007358973598434033,0.19442272154852108
54,-0.006362469680194502,0.06686857215254635
55,-0.005179481469977529,0.14968655132040704
56,-0.004882415595385981,0.10246080272989133
57,-0.009349435158485112,0.09736579139417342
58,-0.01701083332544723,0.16305057564990502
59,-0.004129398671591936,0.12273742656662202
60,0.009233353127122913,0.08915984368824499
61,0.0024697980546524393,0.21621415960349938
62,0.016105752701881252,0.19600447571659146
63,0.008009563049891836,0.05338470218204153
64,0.005739648102740448,0.0762785935998966
65,0.019326490226527153,0.17967285356593407
66,-0.00047145595003211306,0.13575630834812652
67,0.0011307567350495229,0.22502873221774786
68,0.0003853557833986231,0.1808168199270505
69,0.015937867311835496,0.1649732761926999
70,0.0005251531645909095,0.09890686540872813
71,-0.005982773740771044,0.1745720147432236
72,0.0063767553796285174,0.08621180226247664
73,-0.00766259811057028,0.21526222667050343
74,0.005834715126139251,0.1711069294509121
75,0.00463840934141835,0.10875847116212037
76,-0.0013940266780649592,0.19023387140661574
77,0.006158115720868267,0.26207624445681676
78,-0.014377899303083516,0.13911914500952746
79,0.0021296212132498596,0.17752065948456464
80,-0.00412765384666732,0.1284085340154499
81,0.029122635772845212,0.15426761088091726
82,0.0020582506964020777,0.07463827199842762
83,-0.0054639204978343715,0.14997352432470673
84,-0.013283017360530818,0.15217886649153056
85,0.01355406196794266,0.23994988884223742
86,-0.0030003271952377783,0.06024984436483251
87,-0.007413520670754192,0.13595582704461104
88,0.0038629921400905962,0.21440586089155178
89,0.006997188314056536,0.13791142521006217
90,0.006839529332095289,0.1414329233507501
91,0.0006975042305936161,0.10833704875589129
92,0.0020919013688671995,0.10336973098686211
93,0.0028203707568070276,0.05870731170834238
94,0.0038639626562887337,0.11853923761779228
95,0.0047488519590148225,0.10053224724439383
96,0.01144452751305546,0.15590194168285368
97,0.001064148620258503,0.11061658987881341
98,-0.007668032658303618,0.12602045074757465
99,-0.0009429170310403434,0.12738973034711698
100,0.008037808187349968,0.14759174088548138
101,-0.017365279583848457,0.12357388717975795
102,-0.017307521953719613,0.09691069550314338
103,0.009682761213923245,0.15428832219739191
104,0.015701228168513277,0.20337416081323056
105,-0.012152000350194736,0.15642330978953872
106,0.0015045927083289503,0.11950897808806889
107,-0.003495451129170151,0.14384267974531875
108,-0.0021083011224162385,0.05
109,0.003555310087564156,0.14302986252305674
110,-0.01242870229010749,0.12998228154547636
111,-0.010572175004924012,0.10332698209967439
112,-0.0025125117292122516,0.1123950823834016
113,-0.0009537559789416022,0.12948827492301765
114,-0.010759551056841715,0.19962291380032454
115,0.008396476747891844,0.20460302083900464
116,-0.003675609731110334,0.10359374192210946
117,-0.0037181760606684535,0.12409613133783032
118,0.003326587902299008,0.1253705021355711
119,-0.000789082760674993,0.19047727577750623
120,0.008874768129058132,0.15727532763158084
121,-0.008834225378006665,0.15463949313205208
122,-0.013473865970634737,0.17681313067105947
123,-0.002597875637986076,0.12017932957945342
124,0.001102361729350129,0.21819432871770286
125,-0.011907559440975204,0.1499127671289899
126,-0.013377535617002593,0.10720437769040433
127,0.0023229778233798543,0.138517987810108
128,-0.007077805673149619,0.2115964162103936
129,-0.014025117170069197,0.1287428932008114
130,0.010153412923140627,0.19747788995224158
131,-0.005817946729270924,0.11873271036142391
132,0.01199811603865358,0.11171681516113469
133,0.0007847079110942716,0.1829798705297146
134,0.003447588620553034,0.10630137196771294
135,-0.0016149974609685294,0.19112701250808478
136,-0.02605162244545697,0.16758129995116747
137,-0.010867864910537041,0.1063203032766204
138,-0.0007570945971872444,0.1464278628002833
139,0.004147291372927046,0.12256128547202312
140,-0.017396740223881206,0.16744882783345297
141,-3.601707860461181e-05,0.24438991224777096
142,-0.010722640872140315,0.13146476985562888
143,0.0028462016508965416,0.17668881369292536
144,0.0003059921430017494,0.15122203208337578
145,0.007935016024295735,0.151202885153159
146,0.011168229301875188,0.14173974396342381
147,0.00508989899274029,0.10712912768242229
148,0.009103935889705747,0.16675699746412276
149,-0.003003424759238385,0.13556291250403057
150,0.028731174112671457,0.1047599958130637
151,-0.011688190964948811,0.20070866311241492
152,-0.0047775577790932135,0.15495048113511714
153,0.00951358582746893,0.13859505213283804
154,0.008027213048609925,0.2170028307373149
155,0.005373890191423489,0.0581959232233501
156,0.007253186579931079,0.2136410401864544
157,-0.02033557154606041,0.10599060254318912
158,0.016392986945378343,0.160576626970776
159,-0.0015389095886661494,0.12059681229396443
160,0.01295894182270852,0.1038499479773788
161,-0.01983526578967956,0.21569432629842172
162,0.003065685034811911,0.24281082836976425
163,-0.005135022791448486,0.13893871746744607
164,0.006221201515813034,0.16677373510971474
165,0.003670704524688457,0.152849562583125
166,0.0041604779749917845,0.23652534186764276
167,-0.010089416882314914,0.05
168,-6.969120818611026e-05,0.168856172063511
169,-0.0013016704792934103,0.11364368429280332
170,0.005453100417074325,0.05
171,0.010392969954334669,0.13197349512853795
172,0.002004759220086146,0.24240243954552765
173,-0.012261722883885986,0.11719754047997998
174,0.0015757880956676804,0.18953827532823053
175,0.026610762284092624,0.20993360985316833
176,0.01696005326987786,0.14936515986902388
177,-0.029243995627576992,0.1560227809205646
178,0.001133431536948447,0.0641851046729444
179,0.009821195252553445,0.11419180684136766
180,-0.001323270125679794,0.19535038121649978
181,-0.004100909201438836,0.15303395485185337
182,-0.0021696421508348835,0.1683670720721841
183,0.006021894854346522,0.15665787898415254
184,-0.010984699743750088,0.2596001972148216
185,0.012386886516093707,0.12847400844056994
186,-5.9929916980691264e-05,0.2302705021493155
187,-0.008850242741115493,0.1566751611103366
188,0.011743501613986955,0.23470994872903989
189,-0.014951309051116413,0.08875109553709248
190,-0.005052100970015839,0.15923261038154304
191,-0.0052167506528516434,0.1303156608038265
192,0.02193941938236131,0.15697361679250196
193,-0.006350207686394431,0.2111188131333064
194,-0.02104965220500105,0.16894048026789726
195,-0.005318151152791415,0.2110191345013469
196,0.005055503474047781,0.11648894533630272
197,0.008340845465836043,0.10885827712381418
198,0.023265396934427723,0.15080525365686331
199,0.014568975709858812,0.14806739108044573
200,0.0023792259391515217,0.14070703155879036
201,-0.008414154675747776,0.10206841371646572
202,0.016740274313473587,0.20993257949259442
203,-0.0031856355032623147,0.1318581399683256
204,-0.006081572362146048,0.2213039061106341
205,-0.003670738021540699,0.1506371682602029
206,-0.012022882388968094,0.18242144654070222
207,-0.004150200911709756,0.17788548214818412
208,-0.0018310832997841548,0.10878626298245737
209,0.007806566058121181,0.16836014607762445
210,-0.003380883351010187,0.2464166472233553
211,-0.012174592418385153,0.16258061265501783
212,-0.015537721552567,0.19506383697798374
213,0.00259569747523116,0.18466359222960926
214,0.0012262585346922471,0.16535248291824933
215,-0.005043127112131679,0.15932393588623733
216,-0.004174564604920708,0.177365777956065
217,0.004384869327991699,0.18816412732378063
218,0.014405462536893475,0.08239179714744635
219,-0.00730144584143988,0.16236514445482272
220,0.0013890283621543265,0.14079610596263414
221,0.010082704040053238,0.13042365781741458
222,-0.007261142901972498,0.21479821895142864
223,0.0003436788543669465,0.11334268759680732
224,0.0001200439691233378,0.0802615469844999
225,-0.01261295235043519,0.18978581126929273
226,0.002184987947656227,0.07898030717230553
227,0.0008154467860443139,0.053602846102071805
228,0.006050842495960579,0.19541338449949827
229,-0.011368864746607124,0.1579361125281244
230,0.0005997038526122482,0.1736359813684388
231,0.014317340636558087,0.1278786212610189
232,0.021274998319122867,0.08077969341954903
233,0.013301292689716094,0.09071063931911662
234,-0.011270715056502423,0.1363905550284358
235,0.005010526820436264,0.0863798571040979
236,-0.004331465749611137,0.16535264535228267
237,0.00333900593129921,0.12687710309827904
238,-0.007222167057769237,0.15925180236826528
239,-0.016634734418523003,0.15775740641132152
